AreaName,AreaID,1_4_2020,2_4_2020,3_4_2020,4_4_2020,5_4_2020,6_4_2020,7_4_2020,8_4_2020,9_4_2020,10_4_2020,11_4_2020,12_4_2020,13_4_2020,14_4_2020,15_4_2020,16_4_2020,17_4_2020,18_4_2020,19_4_2020,20_4_2020,21_4_2020,22_04_2020,23_04_2020,24_04_2020,25_04_2020,26_04_2020,27_04_2020,28_04_2020,29_04_2020,30_04_2020,01_05_2020,quadrant,clus,02_05_2020,03_05_2020,04_05_2020,05_05_2020,06_05_2020,07_05_2020,08_05_2020,09_05_2020,10_05_2020
York,1,51,62,70,74,78,88,101,111,120,126,129,134,146,153,160,170,182,186,192,200,210,223,233,242,250,257,270,279,298,310,313,49,2,,,,,,,,,
Kent,2,748,830,922,989,1061,1203,1323,1426,1542,1668,1727,1844,1962,2029,2206,2373,2555,2658,2726,2842,2969,3095,3180,3255,3279,3297,3308,3349,3372,3409,3418,8,3,,,,,,,,,
Hertfordshire,3,790,892,969,1022,1084,1175,1253,1338,1416,1492,1547,1598,1655,1716,1769,1827,1874,1913,1946,1992,2045,2095,2129,2168,2193,2211,2253,2290,2324,2338,2341,3,7,,,,,,,,,
Devon,4,177,200,219,252,272,286,311,323,344,372,388,419,443,468,493,513,544,558,565,583,597,606,632,644,651,658,683,692,715,719,727,33,6,,,,,,,,,
Barnsley,5,205,219,228,240,242,255,276,292,311,336,360,381,413,440,452,461,476,485,508,526,540,561,579,587,608,623,640,661,668,671,677,28,6,,,,,,,,,
Brighton and Hove,6,116,128,139,152,163,173,189,208,214,225,233,244,253,266,281,292,307,319,327,335,342,343,348,350,354,358,359,371,376,379,381,49,2,,,,,,,,,
Lewisham,7,393,446,492,520,548,592,621,644,676,684,698,710,738,753,772,787,814,820,828,842,871,875,879,889,894,898,906,918,922,927,927,19,1,,,,,,,,,
Worcestershire,8,355,386,422,438,462,498,541,582,621,652,689,711,736,785,827,862,912,945,960,991,1013,1041,1060,1074,1087,1107,1126,1143,1160,1164,1164,25,1,,,,,,,,,
Ealing,9,447,488,518,544,558,588,632,668,698,743,769,790,823,850,892,908,925,938,949,968,982,991,1001,1015,1023,1028,1036,1048,1063,1068,1070,6,1,,,,,,,,,
Barnet,10,587,652,690,728,768,805,849,898,932,953,973,990,1012,1032,1053,1066,1080,1093,1102,1112,1136,1142,1153,1163,1170,1175,1181,1192,1204,1212,1214,5,1,,,,,,,,,
Enfield,11,316,342,368,387,399,433,466,497,527,552,573,595,609,644,655,673,703,713,720,745,759,769,781,802,820,823,826,828,833,836,838,7,6,,,,,,,,,
Hackney,12,285,323,348,372,392,415,442,459,475,489,504,515,523,530,542,548,557,562,567,579,581,587,593,595,596,598,600,601,604,605,609,14,6,,,,,,,,,
Nottinghamshire,13,368,408,448,475,495,525,561,594,646,664,687,715,742,787,816,851,892,905,916,940,953,969,1003,1027,1033,1039,1074,1096,1125,1140,1147,6,1,,,,,,,,,
Warwickshire,14,336,387,426,461,485,522,559,591,631,661,695,717,745,765,792,830,856,898,929,956,980,1013,1033,1067,1097,1113,1142,1165,1188,1202,1202,25,1,,,,,,,,,
Redbridge,15,264,292,312,336,358,384,431,460,490,501,512,536,555,569,576,589,596,600,607,622,632,643,649,651,656,657,664,671,675,680,683,14,6,,,,,,,,,
Islington,16,227,249,263,276,280,289,302,313,324,328,331,338,344,351,359,365,376,379,379,389,391,393,399,402,403,406,409,411,413,417,417,28,6,,,,,,,,,
Milton Keynes,17,163,175,187,197,217,236,256,267,280,297,311,317,332,348,360,376,389,394,401,406,415,425,431,436,440,443,449,450,463,475,475,35,6,,,,,,,,,
West Sussex,18,293,314,366,399,426,476,531,570,608,634,661,690,722,756,790,839,880,907,925,950,979,998,1028,1055,1073,1087,1097,1129,1154,1171,1172,25,1,,,,,,,,,
Surrey,19,851,921,985,1054,1120,1206,1323,1403,1467,1549,1614,1668,1763,1849,1960,2032,2094,2141,2180,2243,2315,2362,2413,2464,2492,2508,2535,2569,2597,2606,2608,9,3,,,,,,,,,
Derbyshire,20,469,495,530,563,571,596,631,674,711,737,760,781,810,841,872,900,938,945,972,995,1033,1049,1074,1115,1166,1228,1267,1295,1303,1306,1320,12,1,,,,,,,,,
Southwark,21,601,641,689,726,751,790,837,878,919,950,977,988,1010,1031,1053,1073,1088,1105,1109,1120,1137,1141,1153,1162,1163,1167,1179,1184,1197,1205,1209,5,1,,,,,,,,,
Gloucestershire,22,274,305,335,379,410,446,500,558,599,662,694,732,772,799,841,898,924,956,985,1006,1040,1063,1099,1128,1141,1147,1180,1203,1220,1230,1231,36,1,,,,,,,,,
Leicestershire,23,297,316,342,362,393,424,444,462,496,523,546,558,571,593,620,666,700,716,736,766,796,817,831,852,870,874,897,922,941,946,948,26,6,,,,,,,,,
Hampshire,24,850,937,1026,1099,1173,1275,1390,1476,1549,1632,1684,1755,1834,1898,1992,2068,2154,2214,2264,2347,2412,2476,2540,2594,2634,2661,2706,2752,2792,2830,2853,8,3,,,,,,,,,
Kensington and Chelsea,25,243,263,278,285,291,302,321,341,359,370,374,377,384,390,394,403,411,417,417,423,429,446,451,451,455,456,459,462,462,462,462,28,6,,,,,,,,,
Wokingham,26,100,102,110,119,127,133,143,155,160,176,179,190,207,221,233,250,277,281,289,296,311,336,340,349,357,362,365,367,374,376,377,49,2,,,,,,,,,
Medway,27,169,193,208,232,251,281,318,340,360,383,401,414,425,438,455,471,496,512,523,541,557,566,580,594,599,605,609,620,627,632,635,28,6,,,,,,,,,
Essex,28,807,907,1000,1084,1138,1238,1329,1420,1483,1540,1601,1647,1729,1779,1841,1894,1939,1979,2007,2076,2153,2214,2275,2366,2443,2492,2565,2603,2639,2645,2650,9,3,,,,,,,,,
Hounslow,29,288,321,345,361,380,398,421,444,468,484,493,503,512,533,546,556,567,577,588,599,610,615,621,627,634,634,637,641,649,654,655,14,6,,,,,,,,,
Brent,30,644,702,757,806,843,880,908,951,979,1019,1041,1067,1093,1127,1153,1187,1217,1241,1255,1271,1286,1295,1310,1320,1326,1330,1335,1344,1351,1355,1355,11,1,,,,,,,,,
Leeds,31,268,298,335,352,388,437,502,546,588,635,670,708,736,771,824,876,926,959,992,1035,1107,1156,1202,1272,1297,1318,1362,1402,1437,1456,1460,36,1,,,,,,,,,
Wigan,32,137,161,185,199,221,244,277,304,335,359,401,413,433,453,474,499,519,536,554,585,604,618,643,666,672,693,717,746,760,768,768,45,6,,,,,,,,,
Nottingham,33,149,169,185,200,211,232,254,270,282,295,307,318,331,341,350,365,385,388,398,416,436,457,470,487,488,488,506,513,519,525,536,35,6,,,,,,,,,
East Riding of Yorkshire,34,87,94,106,120,130,150,170,191,200,222,228,244,261,288,312,333,346,358,379,406,430,444,465,491,513,533,560,583,603,614,616,48,6,,,,,,,,,
Northamptonshire,35,366,417,473,515,548,591,615,648,681,708,741,760,778,811,840,867,882,907,938,953,963,973,985,997,998,1008,1023,1035,1047,1054,1056,6,1,,,,,,,,,
Kingston upon Thames,36,160,176,196,207,216,229,247,268,287,297,301,310,321,338,351,370,379,391,393,402,411,418,423,428,432,435,442,444,448,451,451,35,6,,,,,,,,,
Sheffield,37,829,882,925,967,1033,1097,1146,1196,1249,1306,1358,1393,1463,1511,1587,1634,1672,1731,1773,1837,1876,1919,1939,1982,2036,2074,2122,2146,2172,2177,2189,10,7,,,,,,,,,
Lancashire,38,658,752,864,954,1048,1161,1268,1368,1472,1545,1638,1700,1781,1868,1947,2037,2118,2193,2242,2316,2394,2479,2552,2618,2658,2699,2745,2792,2829,2872,2878,9,3,,,,,,,,,
Buckinghamshire,39,266,298,322,343,356,382,419,451,473,499,518,525,546,567,592,620,649,667,683,695,712,733,744,767,786,795,810,831,835,838,838,14,6,,,,,,,,,
Westminster,40,343,360,387,403,420,431,446,460,479,488,499,507,517,529,544,554,560,563,566,569,572,573,579,584,586,587,592,596,601,604,605,14,6,,,,,,,,,
Wandsworth,41,493,531,558,584,601,635,661,687,711,741,755,761,775,794,813,832,850,861,865,874,880,884,890,895,901,905,911,917,922,927,928,6,1,,,,,,,,,
Merton,42,302,335,358,372,389,426,443,457,479,491,509,518,538,550,560,574,590,596,602,613,622,624,629,635,640,641,644,649,653,654,654,14,6,,,,,,,,,
Bromley,43,460,497,527,560,586,623,659,702,733,756,779,790,821,841,864,889,911,923,932,946,956,965,992,1009,1015,1021,1033,1044,1072,1085,1086,6,1,,,,,,,,,
Barking and Dagenham,44,185,207,222,228,244,255,277,295,310,320,324,339,356,369,380,390,399,404,415,423,434,439,442,444,447,448,451,453,455,455,458,35,6,,,,,,,,,
Bradford,45,170,189,213,234,262,298,331,368,396,414,431,453,466,483,522,538,570,590,597,618,643,678,702,749,777,795,827,854,904,928,946,45,6,,,,,,,,,
Walsall,46,309,357,384,410,427,460,493,512,544,565,574,587,609,631,650,673,707,719,729,764,801,821,838,883,905,922,948,976,986,990,990,7,1,,,,,,,,,
Birmingham,47,1172,1274,1355,1437,1507,1571,1656,1744,1805,1870,1901,1951,1996,2078,2157,2238,2331,2390,2441,2495,2559,2622,2675,2721,2758,2790,2810,2837,2880,2904,2904,1,3,,,,,,,,,
Wirral,48,157,209,253,295,338,384,433,482,522,552,587,614,649,695,733,759,789,808,834,849,873,900,923,946,958,970,987,1003,1018,1025,1028,43,1,,,,,,,,,
Stockport,49,193,221,252,278,304,349,377,407,442,475,502,516,553,574,598,618,639,659,673,695,708,733,752,771,786,798,812,827,848,870,872,38,6,,,,,,,,,
Bury,50,116,124,142,153,170,194,222,246,269,289,315,323,329,332,356,370,398,412,418,440,447,452,470,486,492,497,513,530,538,548,549,41,6,,,,,,,,,
Bolton,51,127,144,179,202,217,249,273,318,360,389,419,439,471,500,530,553,579,594,617,637,662,695,713,727,737,744,751,776,791,804,807,45,6,,,,,,,,,
Wiltshire,52,128,138,153,162,180,193,203,214,231,236,252,263,280,285,303,317,326,336,346,356,369,377,390,397,400,410,415,426,442,447,450,42,2,,,,,,,,,
"Kingston upon Hull, City of",53,26,34,44,52,56,71,83,92,105,123,137,147,162,190,222,232,247,271,288,312,322,348,364,388,405,413,427,435,459,468,469,49,2,,,,,,,,,
Staffordshire,54,472,530,577,619,651,692,749,798,855,915,955,990,1030,1081,1136,1188,1235,1282,1324,1377,1432,1491,1546,1594,1621,1645,1682,1723,1750,1776,1785,23,7,,,,,,,,,
Oxfordshire,55,373,443,513,552,601,651,723,786,846,916,947,986,1039,1090,1128,1176,1223,1257,1287,1323,1347,1381,1425,1468,1494,1517,1538,1553,1564,1581,1583,29,1,,,,,,,,,
Hillingdon,56,297,314,358,375,391,414,441,459,491,511,528,539,556,573,587,601,620,636,646,667,679,690,696,704,706,710,717,722,726,727,729,14,6,,,,,,,,,
Camden,57,264,289,308,330,346,363,382,404,421,431,440,448,461,470,490,500,510,524,529,536,542,549,558,562,565,566,567,571,574,580,582,21,6,,,,,,,,,
Newcastle upon Tyne,58,281,312,344,367,391,430,470,500,541,570,590,607,627,658,675,696,713,730,747,764,782,800,810,830,841,852,865,888,900,935,939,7,6,,,,,,,,,
Rotherham,59,206,221,239,250,259,267,288,309,329,351,361,387,422,442,472,486,507,529,547,566,585,607,627,650,663,672,702,716,726,728,736,33,6,,,,,,,,,
Liverpool,60,395,450,509,556,602,654,721,796,862,896,936,971,1008,1038,1076,1120,1155,1174,1195,1225,1253,1274,1294,1321,1344,1358,1382,1404,1428,1449,1454,29,1,,,,,,,,,
Trafford,61,174,201,227,243,262,284,303,335,354,377,393,404,413,434,442,460,470,484,492,508,530,541,550,562,571,579,589,597,608,620,621,28,6,,,,,,,,,
Oldham,62,173,196,216,229,242,276,318,348,385,433,467,488,498,509,533,558,575,593,611,632,648,660,678,686,693,696,706,718,738,752,758,33,6,,,,,,,,,
Cornwall and Isles of Scilly,63,147,164,182,197,208,226,240,256,274,286,299,319,340,350,358,383,397,410,416,424,435,439,452,459,465,473,485,486,500,504,506,35,6,,,,,,,,,
Cheshire West and Chester,64,157,183,219,250,282,313,343,371,399,424,440,467,482,504,525,545,578,591,609,627,667,680,706,725,741,751,776,810,824,838,841,45,6,,,,,,,,,
Torbay,65,52,54,54,58,61,63,69,72,93,98,99,101,104,107,110,111,127,130,152,162,168,177,182,182,199,199,200,202,202,203,204,49,2,,,,,,,,,
North Yorkshire,66,216,235,267,294,316,346,378,407,433,457,481,508,535,550,586,610,631,649,663,702,730,752,780,822,840,869,904,929,964,984,997,38,6,,,,,,,,,
Lincolnshire,67,231,245,282,301,322,359,388,403,425,454,477,501,523,554,579,614,636,650,677,703,720,740,759,782,795,808,820,837,850,861,870,32,6,,,,,,,,,
Cumbria,68,633,700,744,796,875,972,1044,1131,1200,1234,1259,1293,1345,1397,1433,1470,1501,1524,1543,1581,1624,1662,1697,1739,1769,1783,1822,1850,1910,1934,1954,4,7,,,,,,,,,
Cambridgeshire,69,214,236,253,272,298,317,343,370,400,424,438,451,464,484,498,528,554,562,578,599,623,654,679,694,705,721,736,764,779,794,795,27,6,,,,,,,,,
Lambeth,70,599,640,679,710,727,769,808,840,870,886,931,947,963,974,997,1015,1025,1036,1047,1061,1068,1080,1099,1110,1114,1116,1123,1131,1137,1142,1143,5,1,,,,,,,,,
Harrow,71,416,447,470,494,520,545,574,599,630,657,673,686,709,724,738,754,772,784,797,810,833,846,857,869,879,884,898,906,932,938,939,13,1,,,,,,,,,
Manchester,72,257,291,321,361,397,470,529,582,645,682,726,757,786,825,855,870,883,908,925,958,986,1007,1026,1053,1066,1083,1096,1119,1134,1150,1154,36,1,,,,,,,,,
Bracknell Forest,73,56,59,69,76,80,83,94,104,107,111,120,127,142,152,157,162,168,173,175,180,183,190,196,200,201,205,210,213,216,217,217,49,2,,,,,,,,,
Swindon,74,54,66,73,85,95,104,121,136,155,169,186,196,211,228,240,256,267,273,287,304,312,324,334,341,345,348,350,362,367,370,372,49,2,,,,,,,,,
"Bristol, City of",75,168,183,203,213,227,240,261,289,306,324,350,364,380,397,419,447,461,474,486,507,521,542,557,573,578,582,592,604,612,617,626,34,6,,,,,,,,,
Tower Hamlets,76,285,311,345,365,384,409,426,448,463,478,491,505,519,526,538,548,550,554,560,569,577,582,586,587,591,595,597,598,600,600,600,14,6,,,,,,,,,
Sutton,77,248,277,297,304,314,338,367,396,418,432,452,457,511,536,562,580,595,598,605,615,624,636,647,656,658,662,664,665,673,673,673,21,6,,,,,,,,,
Hammersmith and Fulham,78,238,260,279,295,305,321,343,362,372,388,392,399,408,417,445,470,485,489,495,503,522,545,594,603,605,605,607,608,610,610,610,21,6,,,,,,,,,
Isle of Wight,79,26,27,28,31,33,37,39,44,46,51,53,55,56,56,60,68,69,72,73,73,79,83,93,102,103,103,107,116,122,123,127,49,2,,,,,,,,,
Southampton,80,139,156,165,177,189,198,213,226,248,257,264,274,285,302,311,325,345,360,365,382,398,413,427,434,438,441,450,458,468,482,489,42,2,,,,,,,,,
Southend-on-Sea,81,103,117,135,150,158,177,195,200,206,216,220,228,238,245,251,254,255,256,261,268,273,278,282,286,290,294,296,297,299,300,300,49,2,,,,,,,,,
Luton,82,168,191,209,223,250,278,308,343,359,381,397,420,435,459,468,472,496,529,530,539,550,565,577,588,607,607,626,626,626,626,626,28,6,,,,,,,,,
Waltham Forest,83,317,344,374,395,421,446,466,487,512,528,543,561,580,596,621,628,634,647,658,671,678,685,691,700,707,710,716,718,721,726,730,14,6,,,,,,,,,
Wolverhampton,84,279,296,307,327,337,359,374,406,425,450,460,469,497,514,530,556,583,600,612,634,654,692,708,744,762,776,800,812,848,856,856,14,6,,,,,,,,,
Coventry,85,235,255,278,296,306,331,353,363,388,403,418,439,457,470,492,508,528,540,545,570,593,603,623,632,647,649,653,657,668,673,674,21,6,,,,,,,,,
North Tyneside,86,129,143,156,180,198,230,256,274,290,298,314,321,335,346,357,367,379,396,400,407,413,428,437,446,448,450,458,461,468,484,489,35,6,,,,,,,,,
"Bournemouth, Christchurch and Poole",87,92,104,115,123,135,153,172,187,204,226,233,255,269,287,295,321,334,346,354,363,375,381,388,395,397,402,404,405,409,413,413,49,2,,,,,,,,,
Somerset,88,86,105,120,126,135,151,161,176,189,205,223,234,248,265,283,314,348,361,369,391,410,426,437,450,459,463,477,487,507,515,518,49,2,,,,,,,,,
Richmond upon Thames,89,191,199,214,222,229,240,254,263,272,280,286,294,299,307,315,326,331,334,343,348,350,352,353,356,358,358,361,364,373,381,381,35,2,,,,,,,,,
Havering,90,205,235,267,288,308,330,363,394,419,445,463,482,499,513,529,548,556,565,575,586,592,602,610,616,621,622,630,632,634,636,637,21,6,,,,,,,,,
Tameside,91,131,149,162,177,191,219,229,256,270,280,288,306,325,338,350,366,377,384,390,398,410,419,424,434,439,449,454,456,466,474,474,35,6,,,,,,,,,
Windsor and Maidenhead,92,99,103,107,116,120,123,133,136,146,148,157,163,165,175,185,199,206,208,212,218,218,221,226,231,235,244,246,252,256,256,256,49,2,,,,,,,,,
Slough,93,140,143,153,167,172,181,199,208,216,230,242,251,265,282,298,306,316,324,330,337,342,349,354,362,366,372,378,384,388,389,389,49,2,,,,,,,,,
"Herefordshire, County of",94,55,59,64,68,72,83,86,91,96,102,108,117,124,129,132,137,143,153,159,173,184,204,217,247,250,265,289,300,302,305,307,49,2,,,,,,,,,
Derby,95,241,260,282,300,302,304,319,330,341,353,366,375,379,384,393,397,408,411,415,424,427,438,446,453,461,482,488,494,496,496,500,28,6,,,,,,,,,
North Lincolnshire,96,42,46,59,63,63,70,75,85,102,105,121,129,136,152,168,180,199,211,218,235,249,267,290,310,315,332,341,354,360,369,378,49,2,,,,,,,,,
Darlington,97,32,37,43,53,55,76,87,107,121,125,134,149,153,160,170,175,181,189,194,207,217,223,231,239,244,246,267,273,284,291,297,49,2,,,,,,,,,
Suffolk,98,219,240,270,289,320,350,377,415,442,475,502,529,547,568,604,656,687,749,780,838,859,886,927,972,1005,1030,1055,1077,1089,1098,1105,43,1,,,,,,,,,
Greenwich,99,280,303,326,339,360,397,412,435,453,467,478,492,503,532,546,555,564,570,576,585,591,602,607,616,618,620,623,628,635,639,640,21,6,,,,,,,,,
Croydon,100,570,650,698,743,779,821,866,921,964,989,1011,1037,1063,1111,1147,1178,1197,1222,1229,1255,1270,1288,1311,1325,1332,1341,1360,1378,1385,1387,1388,5,1,,,,,,,,,
Dudley,101,256,286,302,329,349,367,386,402,415,443,463,475,491,501,525,561,581,608,620,637,653,660,678,692,713,719,723,742,766,784,785,14,6,,,,,,,,,
Sunderland,102,206,243,291,337,386,446,495,546,593,630,677,706,740,770,820,844,882,915,943,999,1020,1035,1055,1076,1092,1099,1115,1136,1162,1186,1204,36,1,,,,,,,,,
Shropshire,103,138,146,165,173,180,190,199,217,231,237,245,261,278,293,303,318,339,347,359,369,397,406,425,443,454,465,477,499,508,513,518,42,2,,,,,,,,,
West Berkshire,104,87,92,101,114,120,126,137,142,144,157,166,173,185,197,206,223,233,247,253,269,281,287,296,299,306,309,313,315,324,327,327,49,2,,,,,,,,,
Haringey,105,259,286,312,329,337,350,379,392,412,423,432,444,458,468,481,485,490,493,506,510,517,521,524,530,537,539,542,544,547,548,549,21,6,,,,,,,,,
Reading,106,96,104,112,126,134,138,151,164,179,193,202,227,254,289,313,341,360,365,371,388,409,423,432,443,452,455,468,481,494,496,496,49,2,,,,,,,,,
South Gloucestershire,107,108,117,127,136,146,156,165,193,206,212,218,222,224,232,251,257,264,273,280,296,306,311,314,323,334,336,342,343,345,350,352,49,2,,,,,,,,,
Newham,108,411,445,502,545,569,610,650,686,719,743,771,785,805,820,837,850,865,873,879,888,900,913,922,930,936,938,942,944,949,955,955,6,1,,,,,,,,,
Bexley,109,230,247,272,294,312,336,377,393,409,423,436,442,452,475,487,508,519,528,547,558,564,577,581,589,598,601,608,617,622,630,633,21,6,,,,,,,,,
Kirklees,110,151,173,194,208,220,248,274,295,310,322,337,343,362,386,398,417,428,440,451,458,470,481,491,519,526,530,548,558,569,571,575,34,6,,,,,,,,,
Sefton,111,185,217,262,295,322,358,397,430,463,477,504,525,557,586,618,636,661,673,685,700,718,737,742,752,764,773,783,796,811,827,829,38,6,,,,,,,,,
Rochdale,112,142,151,167,184,195,212,239,275,297,315,331,338,348,357,375,387,397,402,410,436,452,464,474,484,488,490,500,514,521,526,527,35,6,,,,,,,,,
County Durham,113,200,236,273,304,330,416,479,532,590,646,697,726,772,810,854,892,928,974,1001,1051,1096,1133,1184,1225,1258,1275,1304,1358,1420,1467,1504,36,1,,,,,,,,,
Portsmouth,114,91,96,106,112,122,132,140,151,161,170,183,190,194,205,217,223,231,236,237,238,244,260,262,268,270,275,282,284,284,286,292,49,2,,,,,,,,,
North Somerset,115,63,69,77,83,87,93,97,102,113,117,124,125,130,135,144,147,165,171,173,177,184,193,201,207,210,211,220,232,240,249,254,49,2,,,,,,,,,
Warrington,116,104,128,144,160,183,216,247,285,307,335,352,360,376,405,418,444,457,468,475,495,519,532,555,563,573,580,595,611,622,634,635,46,6,,,,,,,,,
Stockton-on-Tees,117,85,97,114,125,137,146,165,176,194,200,211,221,230,245,255,263,265,271,280,296,307,322,332,337,340,346,352,358,360,363,365,49,2,,,,,,,,,
Norfolk,118,252,279,322,351,386,433,484,541,594,642,694,734,788,844,899,946,1001,1041,1095,1136,1179,1248,1305,1352,1383,1405,1457,1515,1558,1609,1625,36,1,,,,,,,,,
Calderdale,119,63,74,86,94,97,107,114,124,130,142,145,153,159,167,179,184,192,196,198,202,208,216,221,226,230,234,237,243,244,248,252,49,2,,,,,,,,,
Doncaster,120,143,154,170,177,177,178,186,201,226,230,238,246,255,258,278,299,318,336,345,359,367,384,404,440,446,464,472,481,493,493,494,42,2,,,,,,,,,
Salford,121,208,229,241,257,276,309,325,355,378,407,432,443,452,464,483,514,533,545,556,571,585,597,614,628,636,650,663,683,701,713,714,21,6,,,,,,,,,
Dorset,122,97,107,122,129,135,147,156,173,190,202,205,210,214,222,230,234,243,251,257,264,269,277,293,294,300,301,305,310,311,314,321,49,2,,,,,,,,,
Central Bedfordshire,123,136,158,172,183,200,219,238,254,270,288,301,321,330,346,358,364,387,398,400,411,431,444,457,468,483,486,502,505,507,509,509,35,6,,,,,,,,,
Cheshire East,124,159,187,201,220,247,280,308,341,380,409,438,457,488,516,542,575,605,629,650,671,692,714,748,776,803,815,840,857,876,899,908,45,6,,,,,,,,,
Thurrock,125,103,120,125,133,142,150,164,182,187,191,199,204,212,216,218,227,231,235,236,242,251,260,264,266,268,271,276,278,282,282,282,49,2,,,,,,,,,
Plymouth,126,66,78,92,102,103,108,116,120,129,142,143,150,162,178,189,193,200,202,215,224,240,257,264,267,270,273,276,285,289,292,297,49,2,,,,,,,,,
Telford and Wrekin,127,71,78,85,92,101,104,116,122,124,131,133,136,139,144,151,157,167,184,188,198,204,219,231,234,242,248,254,261,269,277,277,49,2,,,,,,,,,
Blackpool,128,49,67,75,89,92,98,108,121,132,148,163,174,189,197,210,226,246,269,290,311,333,349,370,387,398,410,427,442,454,465,465,49,2,,,,,,,,,
Redcar and Cleveland,129,74,81,98,111,119,128,140,140,149,158,174,182,196,201,206,212,218,222,230,238,256,268,277,288,293,295,304,313,320,326,330,49,2,,,,,,,,,
East Sussex,130,165,182,194,215,227,246,274,292,319,337,349,361,374,387,404,418,438,452,465,475,495,504,512,519,528,543,546,567,581,591,592,28,6,,,,,,,,,
Wakefield,131,133,150,178,189,210,234,257,282,295,309,317,335,350,365,384,395,407,420,427,439,449,465,472,481,487,498,513,523,527,541,549,35,6,,,,,,,,,
Solihull,132,183,208,228,251,261,273,292,306,325,348,360,367,377,397,416,427,437,448,455,478,489,504,536,541,544,553,563,568,572,577,578,28,6,,,,,,,,,
Sandwell,133,309,346,377,396,420,443,471,505,530,566,578,596,630,660,698,731,756,778,799,829,853,866,884,915,927,939,961,996,1020,1026,1026,7,1,,,,,,,,,
St. Helens,134,166,192,222,250,269,297,328,343,364,376,386,400,409,417,445,468,490,499,502,516,546,557,582,602,613,615,630,647,652,660,660,28,6,,,,,,,,,
Bath and North East Somerset,135,57,61,65,66,71,82,89,97,108,124,134,136,142,151,158,162,168,172,182,183,187,192,198,203,203,206,208,210,211,212,212,49,2,,,,,,,,,
Leicester,136,167,191,217,232,252,278,300,320,351,371,388,410,419,432,447,457,468,483,506,534,550,571,588,604,617,618,638,660,673,676,676,28,6,,,,,,,,,
Gateshead,137,135,158,177,208,228,270,314,358,394,427,453,473,493,518,538,552,572,597,613,627,658,675,718,742,749,752,772,796,832,854,872,45,6,,,,,,,,,
Knowsley,138,116,138,160,175,189,220,235,255,284,296,312,320,335,343,368,388,414,419,427,447,458,468,488,498,506,511,523,537,552,563,566,35,6,,,,,,,,,
Stoke-on-Trent,139,88,97,108,114,121,125,136,154,165,189,200,210,225,239,254,265,281,293,304,320,340,353,375,396,408,416,433,457,469,489,505,49,2,,,,,,,,,
Halton,140,65,79,97,108,123,147,159,173,188,200,211,215,223,233,245,255,265,271,279,286,291,295,300,305,306,306,312,316,323,328,329,49,2,,,,,,,,,
Northumberland,141,135,159,181,206,229,257,287,322,358,382,421,458,489,520,539,556,581,605,625,648,671,684,693,714,727,730,741,756,774,793,801,45,6,,,,,,,,,
Bedford,142,99,112,132,137,143,157,174,195,217,234,243,253,269,289,302,320,338,348,351,358,378,387,416,428,433,438,446,452,452,452,452,49,2,,,,,,,,,
Blackburn with Darwen,143,54,66,75,85,93,103,117,129,146,158,168,180,191,207,216,227,232,246,251,259,267,275,286,294,300,303,309,313,323,331,331,49,2,,,,,,,,,
Peterborough,144,56,61,71,75,81,89,98,103,105,109,111,113,120,124,128,140,151,152,156,166,182,191,200,207,212,224,232,247,254,257,257,49,2,,,,,,,,,
Middlesbrough,145,110,123,149,170,192,209,233,238,256,273,288,302,321,341,352,364,382,404,415,431,449,471,481,490,503,508,532,552,555,565,566,41,6,,,,,,,,,
South Tyneside,146,69,82,99,111,126,149,168,187,199,217,229,238,254,281,303,333,357,370,377,402,420,439,455,484,496,502,528,548,561,586,595,48,6,,,,,,,,,
Hartlepool,147,23,25,30,36,39,48,59,65,74,78,82,88,92,100,107,112,112,123,126,133,141,150,169,178,181,184,190,194,197,197,197,49,2,,,,,,,,,
North East Lincolnshire,148,36,37,47,50,52,58,61,65,69,73,78,80,84,90,90,91,100,102,103,107,109,116,125,128,130,130,133,135,135,135,135,49,2,,,,,,,,,
City of London,149,11,11,11,11,11,11,11,13,13,13,13,13,13,13,13,13,13,13,13,15,16,16,16,16,16,16,16,16,16,16,16,49,2,,,,,,,,,
Rutland,150,6,6,7,7,8,8,8,9,9,10,10,11,12,12,12,13,13,13,13,13,13,18,19,20,20,20,20,20,20,20,20,49,2,,,,,,,,,
Abruzzo Chieti,151,41,44,69,80,91,102,129,133,146,175,189,229,266,273,280,292,299,310,317,325,327,343,361,369,392,441,452,465,469,469,499,49,2,553,566,571,606,613,648,677,687,706
Abruzzo L'Aquila,152,19,20,25,29,31,38,40,47,60,64,75,88,101,115,123,128,140,166,174,179,183,189,197,199,213,218,220,220,228,229,232,49,2,233,233,237,237,238,238,241,241,240
Abruzzo Pescara,153,138,160,223,259,302,334,370,369,412,445,476,512,576,594,622,631,646,669,700,727,728,756,771,805,838,869,889,930,947,971,1005,44,6,1042,1071,1094,1143,1190,1215,1236,1244,1253
Abruzzo Teramo,154,31,39,68,81,105,113,124,140,195,262,277,304,350,363,376,385,412,418,437,472,483,511,530,558,571,592,599,598,601,605,610,48,6,615,617,619,626,626,632,631,631,633
Basilicata Matera,155,4,5,7,9,8,16,18,25,36,48,53,76,84,92,104,114,118,124,125,136,143,144,145,146,147,151,153,155,155,155,169,49,2,170,172,174,174,177,181,183,185,186
Basilicata Potenza,156,16,22,30,43,58,65,72,67,70,86,98,106,118,122,122,123,128,137,139,142,144,147,152,157,161,161,162,164,164,165,167,49,2,167,167,168,168,173,173,173,175,175
P.A. Bolzano Bolzano,157,291,376,436,548,621,678,724,781,858,906,1003,1109,1214,1325,1371,1418,1479,1559,1592,1644,1722,1811,1835,1903,1955,1957,2098,2149,2184,2224,2267,22,7,2296,2325,2380,2394,2410,2416,2435,2456,2476
Calabria Catanzaro,158,14,20,27,34,38,45,46,49,51,53,115,118,123,134,139,140,146,150,150,157,158,162,169,173,176,181,182,183,184,190,194,49,2,195,197,197,197,197,197,201,201,201
Calabria Cosenza,159,27,31,38,45,50,63,68,84,99,107,128,154,171,184,186,188,194,203,204,230,243,254,266,275,289,291,291,295,317,318,357,49,2,367,385,407,408,417,426,430,439,447
Calabria Crotone,160,21,23,39,45,50,61,62,66,71,80,80,87,90,93,93,94,94,106,106,109,111,112,113,113,113,113,117,117,117,117,117,49,2,117,117,117,117,117,117,117,117,117
Calabria Reggio di Calabria,161,46,47,57,73,84,88,94,97,105,123,140,155,189,190,195,201,207,218,222,237,243,243,248,250,256,260,263,263,268,276,269,49,2,240,240,241,243,243,247,248,248,249
Calabria Vibo Valentia,162,6,8,8,8,11,14,20,21,23,28,29,39,39,44,44,44,48,54,57,60,60,60,61,61,65,68,68,68,68,68,70,49,2,70,70,71,71,71,71,71,72,72
Campania Avellino,163,56,56,88,97,124,132,145,155,172,180,182,193,208,220,226,258,290,340,351,355,373,375,378,379,397,399,400,401,402,407,416,49,2,423,425,427,427,428,434,432,434,436
Campania Benevento,164,4,4,8,8,11,13,13,14,14,14,15,21,21,70,76,81,85,85,86,108,108,111,133,145,149,152,156,156,157,157,157,49,2,164,167,170,170,170,170,171,175,177
Campania Caserta,165,65,65,94,96,106,116,124,152,165,177,179,186,197,206,221,238,255,264,279,300,308,331,349,352,359,368,375,381,387,390,393,49,2,393,397,397,400,403,404,404,407,414
Campania Napoli,166,258,258,358,416,463,504,543,588,626,665,734,827,898,991,1053,1161,1279,1428,1498,1532,1568,1643,1668,1699,1772,1809,1871,1932,2010,2026,2072,29,7,2109,2130,2159,2181,2227,2263,2316,2334,2353
Campania Salerno,167,65,65,92,115,126,157,179,182,220,244,244,307,323,338,341,360,385,400,426,437,462,468,489,499,513,533,536,541,557,564,587,48,6,599,602,607,622,633,641,640,643,645
Emilia-Romagna Bologna,168,333,395,465,552,610,674,833,968,1107,1253,1413,1586,1743,1872,1940,2084,2225,2339,2429,2521,2617,2656,2758,2856,2954,3075,3197,3292,3320,3380,3490,15,3,3619,3679,3740,3822,3865,3917,3971,4033,4102
Emilia-Romagna Ferrara,169,58,64,78,102,123,150,172,190,204,212,244,281,300,306,320,326,341,368,474,488,510,522,538,563,566,580,616,618,635,649,709,48,6,744,759,771,787,805,833,857,877,885
Emilia-Romagna ForlÃ¬-Cesena,170,144,171,227,250,269,329,380,437,454,513,580,612,642,683,730,756,789,866,924,977,1015,1034,1058,1081,1099,1163,1211,1245,1301,1324,1347,43,1,1380,1396,1415,1435,1446,1454,1471,1485,1500
Emilia-Romagna Modena,171,460,575,663,767,906,1010,1155,1354,1533,1676,1772,1922,2094,2137,2222,2297,2416,2498,2551,2609,2691,2758,2811,2867,2930,3011,3087,3132,3180,3217,3262,8,3,3301,3340,3390,3411,3449,3472,3490,3519,3538
Emilia-Romagna Parma,172,800,800,869,979,1014,1209,1364,1435,1525,1611,1690,1752,1809,1859,1933,2005,2049,2083,2201,2275,2317,2365,2395,2421,2473,2512,2531,2573,2582,2616,2698,9,3,2725,2768,2813,2887,2909,2973,2999,3011,3034
Emilia-Romagna Piacenza,173,1204,1340,1428,1575,1693,1765,1885,1981,2122,2213,2276,2390,2475,2516,2635,2716,2765,2811,2842,2892,2936,2953,2980,3020,3049,3063,3100,3138,3167,3223,3249,1,3,3274,3299,3369,3393,3460,3533,3586,3635,3695
Emilia-Romagna Ravenna,174,124,153,185,213,287,309,342,368,387,451,488,521,553,568,580,605,627,656,688,708,728,738,746,751,776,789,801,827,880,889,904,44,6,910,921,926,934,937,941,956,963,969
Emilia-Romagna Reggio nell'Emilia,175,299,414,608,773,977,1167,1369,1437,1586,1698,1861,1996,2146,2208,2307,2553,2665,2800,2908,3066,3167,3215,3352,3505,3630,3765,3849,3888,3947,3982,4053,8,3,4090,4217,4318,4352,4369,4437,4482,4520,4552
Emilia-Romagna Rimini,176,509,613,691,757,826,942,1035,1084,1136,1189,1264,1323,1357,1382,1407,1445,1456,1511,1523,1553,1575,1584,1596,1613,1651,1677,1706,1727,1740,1749,1774,22,7,1791,1805,1818,1846,1852,1874,1911,1927,1934
Friuli Venezia Giulia Gorizia,177,18,25,28,30,38,44,55,57,65,75,79,85,91,91,98,106,110,111,115,116,119,119,121,120,121,121,123,127,129,130,132,49,2,132,131,132,138,143,149,164,168,174
Friuli Venezia Giulia Pordenone,178,54,76,97,114,144,165,170,201,277,295,332,362,368,383,405,419,441,452,461,470,477,480,497,513,520,529,539,547,551,557,573,47,6,574,587,591,596,599,599,607,612,613
Friuli Venezia Giulia Trieste,179,177,180,208,216,270,297,320,329,355,385,411,452,476,494,545,575,598,629,651,670,708,733,763,821,857,872,890,916,945,961,1011,44,6,1067,1102,1108,1122,1125,1136,1152,1164,1177
Friuli Venezia Giulia Udine,180,145,181,266,296,338,361,385,405,431,460,487,530,536,524,536,576,641,681,754,786,793,813,830,839,845,865,873,884,890,891,895,44,6,897,906,910,915,921,929,931,935,937
Lazio Frosinone,181,49,54,48,52,59,78,82,97,106,156,191,232,252,290,321,329,334,354,364,369,374,401,425,441,463,469,473,472,473,479,497,49,2,502,505,521,525,533,542,544,547,547
Lazio Latina,182,23,23,23,115,136,146,159,182,198,206,212,215,239,254,257,272,280,304,318,336,349,356,364,377,384,387,398,404,410,419,421,49,2,430,436,442,444,451,451,454,454,465
Lazio Rieti,183,12,12,18,18,24,24,31,33,39,41,43,62,76,105,132,193,188,188,188,189,266,268,269,269,270,273,276,276,276,277,277,49,2,278,280,280,281,281,282,291,312,313
Lazio Roma,184,486,590,678,755,893,1049,1171,1287,1428,1567,1703,1839,1945,2068,2186,2260,2393,2503,2620,2714,2769,2830,2910,3026,3114,3219,3315,3431,3560,3665,3767,8,3,3888,4018,4082,4133,4189,4257,4313,4361,4434
Lazio Viterbo,185,31,39,50,63,72,82,93,121,122,122,124,144,179,181,181,193,219,226,240,243,243,262,263,278,304,313,316,318,326,326,338,49,2,346,349,349,349,355,357,366,372,376
Liguria Genova,186,330,378,488,527,561,677,689,696,782,762,817,879,1026,1069,1095,1108,1153,1180,1312,1924,2002,2157,2785,2849,2918,2932,3086,3086,3472,3487,3522,22,7,3557,3644,3706,3792,3855,3937,4031,4092,4137
Liguria Imperia,187,76,101,117,145,155,168,160,186,177,211,214,236,234,243,234,226,220,223,224,586,592,667,799,831,899,881,882,882,979,1036,1048,46,6,1083,1104,1122,1156,1156,1186,1199,1214,1233
Liguria La Spezia,188,65,83,88,90,94,99,110,104,137,149,213,234,233,234,248,245,250,323,341,445,450,463,605,619,629,629,670,670,660,696,720,48,6,725,741,767,777,788,793,803,809,813
Liguria Savona,189,100,126,131,162,173,175,185,204,210,209,223,219,239,249,249,251,245,264,261,734,695,509,654,656,686,771,797,797,697,717,749,47,6,812,812,926,937,960,997,999,1053,1110
Lombardia Bergamo,190,3993,4305,4645,5154,5869,6216,6471,6728,7072,7458,8060,8349,8527,8664,8803,9039,9171,9315,9588,9712,9815,9868,9931,10043,10151,10258,10309,10391,10426,10472,10518,1,4,10590,10629,10689,10738,10788,10848,10946,11002,11047
Lombardia Brescia,191,3300,3784,4247,4648,5028,5317,5905,6298,6597,6931,7305,7678,8013,8213,8367,8598,8757,9014,9180,9340,9477,9594,9909,10122,10369,10599,10868,11058,11093,11187,11355,1,4,11567,11758,11946,12004,12078,12178,12308,12475,12540
Lombardia Como,192,256,286,338,380,452,512,581,635,706,762,816,903,1014,1061,1101,1157,1205,1256,1319,1384,1473,1525,1542,1605,1686,1825,1924,2015,2106,2154,2233,29,7,2285,2439,2488,2550,2592,2681,2764,2871,2942
Lombardia Cremona,193,2073,2167,2286,2392,2733,2895,2925,3061,3156,3370,3496,3605,3762,3788,3869,3941,3974,4097,4154,4233,4260,4323,4422,4489,4562,4658,4721,4945,5172,5202,5273,1,5,5313,5407,5417,5491,5641,5706,5807,5867,5906
Lombardia Lecco,194,440,466,530,676,818,872,934,1015,1076,1159,1210,1316,1381,1437,1470,1516,1552,1594,1628,1678,1712,1731,1755,1805,1838,1860,1881,1911,1970,1982,1986,22,7,2005,2030,2072,2080,2093,2109,2132,2149,2157
Lombardia Lodi,195,1418,1445,1528,1597,1693,1772,1817,1860,1884,1968,2006,2029,2057,2087,2116,2157,2189,2214,2238,2255,2278,2321,2347,2376,2419,2472,2543,2559,2569,2587,2626,1,3,2678,2714,2724,2740,2751,2787,2833,2836,2903
Lombardia Mantova,196,465,514,636,723,842,905,985,1093,1176,1250,1398,1484,1550,1617,1688,1736,1782,1884,1981,2044,2084,2142,2216,2277,2355,2411,2486,2571,2631,2655,2691,15,7,2748,2863,2905,2913,2933,2977,3022,3057,3082
Lombardia Milano,197,2326,2644,3278,3804,4672,5096,5326,5701,6074,6922,7469,7783,8329,8676,8911,9522,10004,10391,10819,11230,11538,11787,12039,12479,12748,13268,13680,14161,14350,14675,14952,1,4,15277,15546,15825,16112,16520,17000,17277,17689,17908
Lombardia Monza e della Brianza,198,376,401,495,816,1084,1108,1130,1454,1587,1750,1948,2086,2265,2362,2462,2543,2633,2774,2935,3046,3157,3206,3264,3355,3424,3575,3639,3720,3821,3878,3932,8,3,3975,4042,4098,4157,4211,4253,4317,4372,4417
Lombardia Pavia,199,884,978,1011,1105,1194,1306,1444,1499,1578,1685,1712,1877,1974,2036,2133,2180,2285,2331,2499,2619,2700,2735,2823,2889,2963,3049,3133,3193,3246,3316,3390,8,3,3448,3536,3582,3641,3705,3798,3874,3991,4036
Lombardia Sondrio,200,74,75,155,163,179,205,208,253,284,325,362,388,422,446,470,484,517,537,563,591,614,620,636,654,661,684,720,796,849,859,864,46,6,866,937,956,960,966,1012,1056,1088,1130
Lombardia Varese,201,234,265,310,338,359,386,421,450,468,502,711,768,812,866,893,937,1002,1085,1148,1191,1293,1326,1348,1491,1589,1633,1663,1711,1813,1884,1953,36,1,2021,2106,2158,2196,2251,2302,2340,2376,2407
Marche Ancona,202,356,403,447,513,564,676,702,751,820,869,905,944,1019,1060,1116,1174,1211,1263,1290,1356,1401,1429,1455,1481,1501,1547,1590,1605,1629,1647,1664,29,1,1686,1702,1718,1737,1760,1764,1768,1785,1789
Marche Ascoli Piceno,203,23,25,27,43,50,56,61,64,80,111,118,163,179,197,222,224,227,232,233,235,235,235,236,236,237,249,253,254,254,259,266,49,2,268,271,271,271,271,273,274,275,276
Marche Fermo,204,36,46,68,80,82,113,133,139,160,204,233,241,246,246,259,263,284,298,305,308,312,314,334,339,343,354,361,363,363,367,378,49,2,379,381,384,391,395,399,402,412,416
Marche Macerata,205,128,160,186,215,238,293,326,368,395,405,411,457,476,477,493,506,533,561,598,614,639,664,714,732,776,801,818,834,837,846,871,45,6,895,906,914,922,932,946,956,976,985
Marche Pesaro e Urbino,206,812,910,983,1099,1186,1249,1312,1371,1432,1474,1475,1507,1577,1639,1664,1722,1756,1786,1820,1853,1919,1956,2001,2044,2093,2121,2140,2181,2195,2230,2249,3,7,2277,2293,2312,2333,2347,2366,2374,2401,2411
Molise Campobasso,207,25,24,33,39,49,53,54,60,60,85,91,97,108,114,124,139,142,149,154,166,166,166,166,176,185,187,191,191,191,197,197,49,2,202,202,211,212,213,215,215,216,221
Molise Isernia,208,0,1,4,4,4,4,4,4,4,9,9,13,9,9,9,10,11,15,40,44,44,43,43,43,43,43,50,50,50,50,50,49,2,50,50,50,51,51,51,51,53,53
Piemonte Alessandria,209,323,374,374,595,654,760,817,946,946,980,1106,1197,1255,1280,1317,1378,1428,1491,1591,1763,1904,1946,2016,2081,2119,2191,2248,2315,2367,2407,2580,22,7,2696,2752,2783,2815,2899,3008,3034,3114,3180
Piemonte Asti,210,90,101,101,151,166,181,209,235,261,282,303,318,328,402,434,461,501,523,560,596,609,629,643,655,703,745,779,793,868,897,925,46,6,957,1038,1064,1142,1212,1255,1279,1343,1376
Piemonte Biella,211,96,109,109,175,182,243,253,280,327,336,367,399,439,471,490,503,523,542,559,571,583,591,600,621,628,653,662,679,702,717,719,46,6,728,748,783,787,808,833,860,900,915
Piemonte Cuneo,212,119,149,149,221,265,303,367,409,441,487,518,558,591,650,731,778,826,850,932,1071,1135,1187,1227,1301,1318,1350,1462,1607,1747,1791,1814,43,1,1897,1977,2053,2075,2125,2184,2211,2279,2379
Piemonte Novara,213,150,190,190,293,330,398,420,471,517,577,609,657,694,733,797,854,902,930,967,986,1008,1073,1146,1218,1258,1540,1605,1612,1638,1708,1825,36,1,1855,1941,1987,1996,2028,2123,2143,2172,2203
Piemonte Torino,214,749,1042,1042,1556,1680,1989,2198,2496,2813,3108,3361,3658,3933,4150,4455,4711,4991,5295,5772,5985,6180,6375,6595,6925,7226,7605,7939,8129,8339,8656,9116,1,5,9503,9791,10144,10278,10610,11024,11241,11615,11936
Piemonte Verbano-Cusio-Ossola,215,76,89,89,142,149,159,190,229,247,255,288,308,346,376,393,410,444,505,535,556,619,630,719,774,790,859,865,876,893,904,910,46,6,917,921,935,937,945,951,962,970,989
Piemonte Vercelli,216,113,131,131,203,210,242,263,290,308,336,358,397,426,449,473,488,520,565,583,605,647,665,678,693,708,789,817,830,839,847,912,45,6,935,964,975,984,989,1013,1056,1067,1075
Puglia Bari,217,95,112,137,165,194,231,268,304,336,387,444,469,518,594,616,655,700,741,762,790,807,834,861,870,886,913,921,962,989,1013,1029,44,6,1050,1075,1110,1138,1160,1188,1247,1268,1274
Puglia Barletta-Andria-Trani,218,23,23,26,30,32,49,59,62,65,85,92,96,98,103,111,116,126,129,129,138,177,177,212,212,243,260,296,301,306,315,330,49,2,333,335,335,335,338,358,360,361,365
Puglia Brindisi,219,52,65,75,84,94,100,102,103,116,122,125,148,152,164,164,191,208,218,234,246,257,262,284,299,316,334,358,379,403,417,428,49,2,439,458,485,500,505,512,527,535,542
Puglia Foggia,220,91,91,134,163,190,212,226,255,277,305,325,355,377,405,457,490,502,527,546,564,605,635,652,701,721,724,739,737,742,756,780,46,6,807,822,852,868,896,933,956,969,978
Puglia Lecce,221,62,65,71,88,103,120,149,161,164,177,215,239,239,293,303,321,353,359,362,368,378,384,389,395,403,418,418,424,425,426,427,49,2,434,443,451,452,452,461,466,466,470
Puglia Taranto,222,17,19,23,33,35,41,46,51,56,74,78,93,99,121,126,148,163,178,180,182,190,192,201,206,208,218,221,225,226,228,235,49,2,235,239,242,243,244,249,251,253,253
Sardegna Cagliari,223,27,32,41,43,45,52,61,64,74,83,83,97,102,103,111,116,126,134,144,146,146,148,151,161,179,185,191,197,201,207,208,49,2,211,212,217,218,226,228,228,229,230
Sardegna Nuoro,224,20,20,21,22,22,22,22,26,26,52,52,56,57,57,57,59,60,62,62,65,65,65,67,67,67,67,67,67,67,67,67,49,2,67,70,74,74,74,74,74,74,76
Sardegna Oristano,225,2,3,3,4,4,4,7,7,7,7,9,9,9,10,10,15,18,19,20,24,27,28,29,31,31,33,34,35,35,38,39,49,2,40,41,42,52,52,52,52,52,52
Sardegna Sassari,226,63,74,134,216,251,253,260,309,318,331,336,407,415,454,486,497,528,547,585,601,610,620,654,689,706,724,737,745,749,763,764,46,6,774,789,796,798,798,804,810,811,822
Sardegna Sud Sardegna,227,5,5,7,8,8,8,9,15,17,21,50,55,55,58,58,58,62,63,63,71,74,74,74,78,80,82,84,84,86,86,86,49,2,86,86,86,86,86,89,90,91,91
Sicilia Agrigento,228,22,24,27,31,36,41,45,47,50,55,58,58,78,89,94,96,98,100,102,107,109,110,113,115,119,123,126,128,130,131,132,49,2,132,132,132,132,132,132,132,132,132
Sicilia Caltanissetta,229,4,6,12,18,27,27,29,40,45,50,55,57,68,70,70,76,80,83,93,102,104,105,107,112,116,122,128,131,135,137,138,49,2,138,138,138,138,138,141,145,148,148
Sicilia Catania,230,108,131,151,162,189,234,274,286,308,346,365,387,407,448,498,510,544,559,569,594,614,630,646,662,672,678,689,704,715,725,735,46,6,745,758,783,808,851,886,905,926,943
Sicilia Enna,231,8,8,21,25,27,34,44,63,90,133,155,168,192,195,203,224,238,257,280,284,287,289,296,300,316,321,325,327,335,340,341,49,2,358,365,372,377,377,378,386,397,397
Sicilia Messina,232,16,16,16,39,70,112,120,139,174,221,227,279,289,305,311,319,323,337,344,353,362,370,376,399,412,422,429,436,439,449,456,49,2,467,481,489,497,513,515,519,525,530
Sicilia Palermo,233,40,47,52,59,63,92,109,170,193,205,218,232,236,253,262,276,282,290,296,299,301,317,329,346,351,363,376,385,391,393,399,49,2,404,412,417,420,422,427,433,435,447
Sicilia Ragusa,234,4,6,7,7,8,9,9,9,22,28,32,32,32,35,43,44,45,46,47,48,54,54,56,58,61,64,66,67,67,68,69,49,2,69,69,69,69,70,72,74,83,87
Sicilia Siracusa,235,21,28,33,40,43,49,49,49,64,77,79,84,87,89,93,98,101,106,107,109,111,113,122,124,135,146,148,149,156,158,174,49,2,177,182,182,183,197,197,197,200,201
Sicilia Trapani,236,14,16,21,27,27,32,42,43,48,49,61,62,71,71,73,75,80,81,94,98,104,109,114,116,120,125,129,131,133,134,135,49,2,135,135,135,135,135,135,135,135,135
Toscana Arezzo,237,71,142,113,124,136,154,201,211,229,249,249,272,284,310,332,343,357,358,370,378,387,396,398,399,403,417,429,453,487,522,530,49,2,541,548,558,567,580,587,597,606,610
Toscana Firenze,238,214,295,349,401,451,514,548,622,709,764,764,855,957,1022,1087,1158,1419,1543,1626,1715,1769,1805,1871,1961,2069,2154,2259,2269,2311,2372,2443,29,7,2494,2563,2609,2653,2704,2760,2795,2849,2924
Toscana Grosseto,239,60,68,89,97,106,120,128,140,147,174,174,234,245,251,257,263,264,264,273,277,284,290,290,292,310,323,327,368,368,368,368,49,2,376,379,380,383,386,389,394,397,400
Toscana Livorno,240,59,62,62,117,120,130,140,162,179,204,204,220,236,271,280,295,301,307,316,322,323,336,349,353,358,379,398,404,410,415,465,49,2,475,480,489,491,492,494,495,499,501
Toscana Lucca,241,179,205,230,249,307,356,363,387,436,481,481,618,672,711,729,771,802,843,855,872,888,920,954,979,988,1006,1020,1060,1061,1073,1134,43,1,1158,1165,1197,1213,1215,1221,1225,1230,1244
Toscana Massa Carrara,242,143,176,200,232,256,281,289,314,330,334,334,470,493,543,561,611,644,644,659,667,698,734,769,790,798,814,855,867,873,881,893,45,6,912,918,933,949,956,957,959,966,977
Toscana Pisa,243,101,124,146,180,211,234,266,285,317,350,350,398,432,446,471,491,515,519,527,544,560,584,592,606,613,636,677,694,727,733,750,46,6,766,774,778,804,811,818,823,824,833
Toscana Pistoia,244,100,122,145,171,181,215,229,243,254,264,264,298,309,324,332,333,346,361,374,394,400,404,450,457,468,490,506,509,513,516,536,42,6,547,554,557,568,575,583,592,598,607
Toscana Prato,245,53,59,70,94,111,129,137,159,178,189,189,217,221,248,258,290,291,323,332,338,342,344,345,355,357,370,393,394,404,411,440,49,2,449,457,466,472,473,479,486,493,502
Toscana Siena,246,73,77,78,128,133,144,160,176,193,216,216,235,273,286,301,312,334,337,339,340,350,360,361,360,363,369,371,372,373,375,384,49,2,392,399,405,407,411,412,414,415,417
P.A. Trento Trento,247,385,455,523,642,782,954,1023,1110,1222,1297,1391,1505,1594,1682,1746,1870,2003,2109,2220,2285,2348,2476,2602,2708,2816,2970,3053,3126,3141,3220,3294,15,3,3376,3431,3532,3590,3614,3646,3727,3776,3838
Umbria Perugia,248,129,164,236,280,329,376,424,472,523,600,658,729,775,792,813,822,844,884,905,925,929,933,941,947,950,952,956,956,957,958,963,43,1,967,972,975,976,977,981,981,982,985
Umbria Terni,249,63,74,84,97,115,128,134,155,163,178,195,213,218,226,230,236,246,257,263,275,284,288,303,305,306,310,316,317,317,317,318,49,2,322,325,328,328,331,331,334,334,334
Valle d'Aosta Aosta,250,136,165,215,264,313,364,393,400,401,408,452,511,584,584,628,631,668,719,748,782,805,835,850,868,879,902,921,927,947,958,971,44,6,993,1073,1088,1088,1093,1095,1096,1100,1100
Veneto Belluno,251,109,140,150,195,212,226,254,273,298,313,329,367,396,423,430,460,487,499,522,538,558,577,602,620,649,653,664,686,698,723,755,46,6,807,835,856,904,967,979,987,1042,1047
Veneto Padova,252,781,882,924,1026,1155,1277,1371,1464,1636,1777,1891,2009,2124,2188,2264,2368,2489,2553,2632,2744,2863,2965,3056,3134,3206,3250,3310,3354,3407,3450,3537,8,3,3591,3633,3667,3693,3721,3751,3769,3794,3802
Veneto Rovigo,253,28,33,52,67,68,76,80,82,87,110,122,122,125,131,136,140,152,180,184,186,203,218,232,249,271,274,280,280,287,291,297,49,2,301,306,306,307,369,400,403,413,416
Veneto Treviso,254,502,591,637,719,806,935,999,1091,1177,1254,1310,1359,1402,1449,1522,1554,1606,1657,1687,1712,1726,1738,1863,1906,1944,1973,1983,1983,2032,2033,2135,16,7,2237,2300,2315,2325,2351,2386,2395,2420,2439
Veneto Venezia,255,378,426,475,574,666,732,799,837,874,920,955,1019,1067,1107,1170,1231,1293,1321,1362,1425,1487,1543,1630,1751,1780,1883,1957,1983,2008,2013,2036,23,7,2096,2116,2143,2177,2191,2279,2308,2340,2342
Veneto Verona,256,481,626,686,784,954,1046,1099,1228,1304,1402,1645,1754,1876,1982,2112,2287,2405,2488,2547,2688,2755,2856,2920,3049,3257,3402,3495,3547,3572,3649,3730,8,3,3805,3880,3974,3998,4070,4164,4222,4398,4473
Veneto Vicenza,257,325,393,424,518,572,631,691,744,824,899,966,1036,1104,1168,1242,1327,1434,1514,1608,1647,1704,1734,1782,1885,1953,2009,2055,2080,2089,2136,2170,23,7,2200,2296,2339,2379,2390,2433,2454,2483,2536