AreaName,AreaID,10_03_2020,11_03_2020,12_3_2020,13_3_2020,14_3_2020,15_3_2020,16_3_2020,17_3_2020,18_3_2020,19_3_2020,20_3_2020,21_3_2020,22_3_2020,23_3_2020,24_3_2020,25_3_2020,26_3_2020,27_3_2020,28_3_2020,29_3_2020,30_3_2020,31_3_2020,1_4_2020,2_4_2020,3_4_2020,4_4_2020,5_4_2020,6_4_2020,7_4_2020,8_4_2020,9_4_2020,10_4_2020,11_4_2020,12_4_2020,13_4_2020,14_4_2020,15_4_2020,16_4_2020,17_4_2020,18_4_2020,19_4_2020,20_4_2020,21_4_2020,quadrant,clus,22_04_2020,23_04_2020,24_04_2020,25_04_2020,26_04_2020,27_04_2020,28_04_2020,29_04_2020,30_04_2020,01_05_2020,02_05_2020,03_05_2020,04_05_2020,05_05_2020
York,1,3,3,3,4,5,5,5,7,9,11,12,13,13,14,16,17,18,23,30,30,34,39,51,62,70,74,78,88,101,111,120,126,129,134,146,153,160,170,182,186,192,200,210,43,7,,,,,,,,,,,,,,
Kent,2,13,16,22,29,34,39,47,52,64,78,94,101,122,169,206,260,315,373,422,481,543,636,747,829,921,988,1060,1202,1322,1425,1541,1667,1726,1843,1961,2028,2204,2371,2553,2656,2724,2839,2966,14,6,,,,,,,,,,,,,,
Hertfordshire,3,26,32,34,43,47,62,68,73,97,120,141,161,174,232,277,333,382,434,479,542,628,705,789,891,968,1021,1083,1174,1252,1337,1415,1491,1546,1597,1654,1715,1768,1825,1872,1911,1944,1989,2037,14,6,,,,,,,,,,,,,,
Devon,4,21,22,24,30,32,35,39,41,44,44,47,48,52,57,63,78,93,105,118,128,137,152,177,200,219,252,272,286,311,323,344,372,388,419,443,468,493,513,544,558,565,583,597,49,4,,,,,,,,,,,,,,
Barnsley,5,3,4,4,4,6,7,7,9,12,17,18,22,29,42,58,68,89,104,118,131,146,179,205,219,228,240,242,255,276,292,311,336,360,381,413,440,451,460,476,485,507,524,530,38,4,,,,,,,,,,,,,,
Brighton and Hove,6,6,6,6,8,8,10,12,12,16,18,21,24,27,31,38,44,53,65,73,82,88,94,113,125,136,149,160,170,186,205,211,222,230,241,250,263,278,289,304,316,324,331,337,45,8,,,,,,,,,,,,,,
Lewisham,7,4,9,18,21,23,29,40,48,57,73,95,103,122,149,164,188,213,247,268,293,320,358,393,446,492,520,548,592,621,644,676,684,698,710,738,753,772,787,814,820,826,834,866,35,1,,,,,,,,,,,,,,
Worcestershire,8,6,10,14,14,15,19,22,28,33,42,56,69,78,92,109,131,154,176,211,239,284,321,355,386,422,438,462,498,541,582,621,652,689,711,736,784,826,861,911,944,959,990,1011,42,1,,,,,,,,,,,,,,
Ealing,9,13,23,27,30,32,40,54,62,80,98,114,125,143,172,207,242,272,309,329,354,382,421,447,488,518,544,558,588,632,668,698,743,769,790,823,850,892,908,925,938,949,968,982,28,1,,,,,,,,,,,,,,
Barnet,10,16,27,32,38,44,54,65,72,86,112,133,151,176,206,245,290,345,399,433,463,505,550,587,652,690,728,768,806,850,899,933,954,974,991,1013,1033,1054,1067,1081,1094,1103,1113,1136,21,2,,,,,,,,,,,,,,
Enfield,11,9,11,17,21,28,30,32,44,51,66,86,94,112,133,157,178,193,208,228,237,263,289,316,342,368,387,399,433,466,497,527,552,573,595,609,644,655,673,703,713,720,745,758,42,1,,,,,,,,,,,,,,
Hackney,12,6,14,20,23,28,30,36,43,48,56,65,70,84,104,124,140,163,178,190,204,222,253,285,323,348,372,392,415,442,459,475,489,504,514,522,529,541,547,556,561,566,578,580,49,4,,,,,,,,,,,,,,
Nottinghamshire,13,9,15,19,23,31,36,41,44,54,63,72,82,89,97,114,131,167,198,228,259,294,334,368,408,448,475,495,525,561,594,646,664,687,715,742,787,816,851,892,905,916,940,953,35,1,,,,,,,,,,,,,,
Warwickshire,14,11,13,17,20,21,24,32,36,51,59,71,80,87,115,135,149,177,195,221,247,287,307,336,387,427,462,486,523,560,592,632,662,696,718,746,766,793,831,857,899,930,957,980,42,1,,,,,,,,,,,,,,
Redbridge,15,2,2,2,5,8,13,19,27,39,51,56,66,78,95,106,121,136,157,172,191,215,241,263,291,311,335,357,383,430,459,489,500,511,535,554,568,575,588,595,599,606,621,631,40,4,,,,,,,,,,,,,,
Milton Keynes,16,3,3,4,4,5,6,6,9,21,27,29,33,35,57,71,81,88,98,108,118,132,149,163,175,187,197,218,237,257,268,281,298,312,318,333,349,361,377,390,395,402,407,416,46,8,,,,,,,,,,,,,,
Islington,17,4,6,16,22,27,33,38,45,53,62,65,73,81,104,124,135,143,158,165,176,194,210,227,249,263,276,280,289,301,312,323,327,330,337,343,350,358,364,375,378,378,388,390,49,8,,,,,,,,,,,,,,
West Sussex,18,5,7,8,11,17,18,21,30,39,48,56,66,75,89,109,132,152,171,188,204,236,268,293,314,366,399,426,476,531,570,608,634,661,690,722,755,789,838,879,906,924,948,974,41,1,,,,,,,,,,,,,,
Surrey,19,16,21,37,42,51,60,73,92,126,148,174,198,234,284,325,379,434,490,546,595,695,759,851,921,985,1054,1120,1206,1323,1403,1467,1549,1614,1668,1763,1848,1959,2031,2093,2140,2172,2234,2302,7,6,,,,,,,,,,,,,,
Southwark,20,24,35,45,53,63,75,91,110,130,145,168,181,209,253,284,313,345,393,425,459,511,545,601,641,689,726,751,790,837,878,919,949,976,987,1009,1030,1052,1072,1087,1104,1108,1118,1135,21,2,,,,,,,,,,,,,,
Derbyshire,21,13,19,21,29,35,45,62,71,82,90,101,121,143,175,196,216,236,264,301,328,367,418,469,495,530,563,571,596,631,674,710,736,759,780,809,840,871,899,937,944,971,994,1031,35,1,,,,,,,,,,,,,,
Gloucestershire,22,5,7,9,12,12,15,19,24,32,34,41,50,58,65,79,103,118,137,160,177,210,240,274,305,335,379,410,446,500,558,599,662,694,732,772,799,841,898,924,956,985,1006,1040,33,1,,,,,,,,,,,,,,
Wokingham,23,5,8,10,10,10,12,12,13,17,19,21,21,24,25,26,28,33,43,50,63,78,86,100,102,110,119,127,133,143,155,160,176,179,190,207,221,233,250,277,281,289,296,310,45,8,,,,,,,,,,,,,,
Medway,24,3,7,8,11,11,13,14,16,17,20,22,32,35,46,62,72,83,91,100,109,119,136,169,193,208,232,251,281,318,340,360,383,401,414,425,438,455,471,496,512,523,541,556,46,4,,,,,,,,,,,,,,
Leicestershire,25,7,11,13,15,16,18,20,24,36,52,58,67,92,110,131,144,160,175,190,194,208,252,297,316,342,362,393,424,444,462,496,523,546,558,571,593,620,666,700,716,736,766,796,49,1,,,,,,,,,,,,,,
Kensington and Chelsea,26,33,43,49,52,55,56,62,69,77,82,87,92,98,106,113,127,149,169,178,187,209,227,243,263,278,285,291,302,321,341,359,370,374,377,384,390,394,403,411,417,417,423,429,42,4,,,,,,,,,,,,,,
Hampshire,27,19,28,52,67,72,83,102,117,134,159,189,212,247,296,330,373,429,487,566,615,700,778,849,936,1025,1098,1172,1274,1389,1475,1548,1631,1683,1754,1833,1897,1991,2066,2152,2212,2262,2344,2407,7,6,,,,,,,,,,,,,,
Wigan,28,4,4,5,5,6,7,7,8,10,10,11,15,16,19,25,31,46,59,66,80,99,123,136,160,184,198,213,230,254,269,282,299,325,334,354,374,395,420,440,457,475,506,524,45,8,,,,,,,,,,,,,,
Nottingham,29,7,7,10,14,15,17,18,23,25,29,36,42,51,56,63,72,88,97,101,108,119,133,149,169,185,200,211,232,254,270,282,295,307,318,331,341,350,365,385,388,398,416,436,47,8,,,,,,,,,,,,,,
Leeds,30,8,11,12,12,12,14,15,18,22,28,35,41,52,68,86,97,118,139,165,186,213,237,268,298,335,352,388,437,502,547,589,636,671,709,737,772,825,877,927,960,993,1036,1108,49,1,,,,,,,,,,,,,,
Hounslow,31,6,12,13,18,22,27,36,44,54,67,74,88,96,113,128,145,160,187,195,210,234,256,288,321,345,361,380,398,421,444,468,484,493,503,512,533,546,556,567,577,588,599,610,49,4,,,,,,,,,,,,,,
Essex,32,8,11,18,29,33,39,44,54,63,73,88,107,137,188,225,293,355,425,482,536,612,699,807,907,1000,1084,1138,1238,1329,1420,1483,1540,1601,1647,1729,1779,1841,1895,1940,1980,2008,2072,2147,13,6,,,,,,,,,,,,,,
Brent,33,10,20,29,32,39,47,57,80,102,124,145,163,189,235,263,309,353,401,433,486,543,588,643,701,756,805,842,879,907,950,978,1018,1040,1066,1092,1126,1152,1186,1216,1240,1254,1270,1285,21,2,,,,,,,,,,,,,,
Sheffield,34,18,18,20,24,30,36,50,63,81,107,132,169,212,273,332,380,427,454,519,581,656,766,829,881,924,966,1032,1096,1146,1196,1249,1306,1358,1392,1462,1510,1586,1633,1670,1729,1770,1831,1856,14,2,,,,,,,,,,,,,,
Northamptonshire,35,8,12,15,17,19,20,21,25,25,35,45,52,65,82,98,128,149,169,188,211,264,312,366,417,473,515,549,592,616,649,682,709,742,761,779,812,841,868,883,908,939,954,964,42,1,,,,,,,,,,,,,,
Kingston upon Thames,36,2,3,4,5,8,10,15,21,23,29,35,36,37,48,64,77,90,101,107,120,139,151,160,176,196,207,216,229,247,268,287,297,301,310,321,337,350,369,378,391,393,402,411,46,8,,,,,,,,,,,,,,
Wirral,37,3,4,5,6,8,8,10,10,10,11,13,16,21,28,38,44,55,70,83,105,123,139,157,209,253,295,338,385,434,482,522,552,587,614,649,695,733,759,789,808,835,850,874,8,1,,,,,,,,,,,,,,
Wiltshire,38,5,8,9,13,13,13,17,18,22,27,31,35,41,47,55,60,67,85,92,95,108,118,128,138,153,162,180,193,203,214,231,236,252,263,280,285,303,317,326,336,346,356,369,46,8,,,,,,,,,,,,,,
Westminster,39,24,38,52,60,70,75,89,99,108,117,132,145,157,179,194,217,237,250,270,287,313,325,343,360,387,403,420,431,446,460,479,488,499,507,517,529,544,554,560,563,566,569,572,35,4,,,,,,,,,,,,,,
Wandsworth,40,16,26,38,42,53,65,78,98,113,130,153,169,185,212,240,284,316,346,366,389,415,456,493,531,558,584,601,635,661,687,711,741,755,761,775,793,812,831,849,860,864,873,879,28,1,,,,,,,,,,,,,,
Walsall,41,2,7,14,16,18,22,23,27,32,40,49,61,71,90,106,122,141,160,195,216,243,273,309,357,384,410,427,460,493,512,544,565,574,587,609,631,650,673,706,718,728,763,787,41,1,,,,,,,,,,,,,,
Stockport,42,3,5,6,9,12,12,15,21,28,35,37,43,49,55,65,74,89,97,107,119,142,160,193,221,252,278,304,346,374,401,436,469,495,509,546,567,591,612,633,653,667,689,702,47,4,,,,,,,,,,,,,,
Merton,43,10,17,20,27,33,34,40,50,63,74,83,90,98,113,136,159,173,197,211,224,247,275,302,335,358,372,389,426,443,457,479,491,509,518,538,550,560,574,590,596,602,613,622,42,4,,,,,,,,,,,,,,
Lancashire,44,5,7,12,15,15,17,24,28,38,52,60,69,85,120,161,199,262,306,348,384,481,568,659,753,865,955,1049,1162,1267,1364,1467,1538,1628,1689,1770,1857,1935,2025,2106,2181,2229,2303,2379,4,6,,,,,,,,,,,,,,
"Kingston upon Hull, City of",45,1,1,1,1,1,1,1,1,1,1,1,4,4,4,5,8,11,13,13,16,19,21,26,34,44,52,56,71,83,92,105,123,137,147,162,190,222,232,247,271,288,312,321,43,7,,,,,,,,,,,,,,
Bury,46,4,4,4,7,7,7,8,10,12,14,15,17,24,27,35,38,52,61,71,78,94,100,116,124,142,153,168,181,193,207,217,233,249,258,263,267,291,305,333,346,352,374,382,45,8,,,,,,,,,,,,,,
Buckinghamshire,47,14,18,28,34,37,39,48,54,60,66,73,84,96,104,113,136,146,163,184,195,224,247,266,298,322,343,356,382,419,451,473,499,518,525,546,567,592,620,649,667,683,695,712,42,4,,,,,,,,,,,,,,
Bromley,48,5,10,16,20,26,34,40,49,62,68,86,102,126,161,191,216,245,275,307,329,368,412,461,498,528,561,587,624,660,703,734,757,780,791,822,842,865,890,912,924,933,945,958,35,1,,,,,,,,,,,,,,
Bradford,49,3,3,5,5,7,7,7,10,12,12,14,17,20,26,35,42,52,72,86,106,129,149,170,189,213,234,262,298,331,368,396,414,431,453,466,483,522,538,570,590,597,618,643,23,4,,,,,,,,,,,,,,
Bolton,50,3,5,6,7,7,9,12,13,16,18,20,21,24,26,31,36,42,49,60,63,80,102,127,144,179,202,217,248,269,311,349,377,407,427,459,488,518,541,567,582,605,623,645,38,4,,,,,,,,,,,,,,
Birmingham,51,9,15,22,36,43,55,70,94,126,161,213,243,269,334,401,460,554,624,704,809,932,1063,1171,1273,1353,1435,1505,1569,1654,1742,1803,1868,1899,1949,1994,2076,2155,2235,2324,2383,2434,2486,2550,7,6,,,,,,,,,,,,,,
Barking and Dagenham,52,3,4,8,9,10,15,19,24,29,33,42,52,60,71,83,94,101,113,124,135,146,164,185,207,222,228,244,255,277,295,310,320,324,339,356,369,380,390,399,404,415,423,433,47,8,,,,,,,,,,,,,,
Trafford,53,7,7,10,12,13,15,16,16,21,25,32,36,45,50,60,70,85,93,106,114,133,146,174,201,227,243,262,284,303,333,349,371,385,395,404,425,433,451,461,475,483,498,520,47,4,,,,,,,,,,,,,,
Torbay,54,6,6,6,6,6,7,8,9,10,10,15,16,17,19,21,22,27,33,36,37,42,49,52,54,54,58,61,63,69,72,93,98,99,101,104,107,110,111,127,130,152,162,168,43,7,,,,,,,,,,,,,,
Staffordshire,55,6,7,10,16,20,27,35,40,51,64,79,97,111,137,158,196,234,269,292,337,378,419,473,531,578,620,652,693,750,799,856,916,955,990,1030,1081,1136,1187,1234,1281,1323,1375,1430,27,2,,,,,,,,,,,,,,
Rotherham,56,4,4,4,5,5,5,6,8,10,12,15,19,28,38,50,59,75,85,101,128,155,184,206,221,239,250,259,267,288,309,329,351,361,386,421,441,471,485,506,527,545,564,574,38,4,,,,,,,,,,,,,,
Oxfordshire,57,18,23,24,27,27,32,35,44,51,64,70,76,84,106,128,143,169,197,219,240,279,330,372,442,512,551,600,650,722,785,845,915,946,985,1038,1089,1127,1175,1222,1256,1286,1321,1345,35,2,,,,,,,,,,,,,,
Oldham,58,6,6,7,9,10,10,14,15,17,22,25,35,40,46,58,72,86,97,110,120,138,151,173,196,216,229,242,261,281,294,305,332,355,370,377,388,412,437,454,472,489,510,526,46,4,,,,,,,,,,,,,,
Newcastle upon Tyne,59,5,5,5,7,9,13,13,19,22,27,35,44,49,67,87,106,125,145,157,187,206,240,281,312,344,367,391,430,470,500,541,570,590,607,627,658,675,696,714,731,748,765,783,40,1,,,,,,,,,,,,,,
Liverpool,60,6,6,9,11,13,13,16,20,29,35,45,59,72,90,115,139,173,200,227,263,306,347,394,449,508,555,601,653,719,793,859,893,933,968,1005,1034,1072,1116,1152,1171,1192,1221,1250,18,2,,,,,,,,,,,,,,
Hillingdon,61,8,10,14,17,18,23,32,48,53,66,77,86,96,113,131,148,168,194,205,223,242,275,297,314,358,375,391,414,441,459,491,511,528,539,556,573,587,601,621,637,647,668,679,42,4,,,,,,,,,,,,,,
Cornwall and Isles of Scilly,62,7,8,8,9,10,11,14,16,21,23,29,32,35,41,44,48,59,74,84,95,106,126,147,164,182,197,208,227,241,257,275,287,300,320,341,351,359,384,398,411,417,425,436,46,8,,,,,,,,,,,,,,
Cheshire West and Chester,63,3,5,6,6,6,8,10,11,13,17,20,21,24,29,33,38,43,60,71,94,110,128,157,183,219,250,282,313,343,371,399,424,439,466,481,503,524,544,577,590,608,626,666,31,4,,,,,,,,,,,,,,
Camden,64,9,19,24,29,30,33,36,40,50,55,61,76,87,102,122,144,172,192,203,209,226,244,263,288,307,329,345,362,381,403,420,430,439,447,460,469,489,499,509,523,528,535,541,49,4,,,,,,,,,,,,,,
Swindon,65,2,2,2,4,4,5,5,6,8,8,9,9,12,15,19,22,27,30,31,36,42,46,54,66,73,85,95,104,121,136,155,169,186,196,211,228,240,256,267,273,287,304,312,43,8,,,,,,,,,,,,,,
North Yorkshire,66,5,5,8,10,11,11,14,16,19,22,30,41,43,56,65,77,89,107,120,134,165,184,216,235,267,294,316,346,378,407,433,457,481,508,535,550,586,610,631,649,664,704,732,47,4,,,,,,,,,,,,,,
Manchester,67,7,8,8,15,15,18,24,28,31,35,39,42,46,58,66,81,103,117,148,171,195,228,256,290,320,360,396,464,518,563,613,645,686,717,746,783,813,828,841,866,884,917,945,49,1,,,,,,,,,,,,,,
Lincolnshire,68,7,9,12,12,12,14,14,16,21,24,29,33,35,43,56,67,90,107,129,144,172,198,231,245,282,301,322,359,388,403,425,454,477,501,523,554,579,614,636,650,677,703,720,48,4,,,,,,,,,,,,,,
Lambeth,69,15,29,33,44,54,67,83,104,121,143,174,192,225,253,279,315,358,393,430,457,509,549,598,639,678,709,726,767,807,839,869,885,930,946,962,973,996,1014,1024,1035,1046,1060,1067,21,2,,,,,,,,,,,,,,
Harrow,70,7,12,20,24,33,39,51,65,88,99,113,131,146,165,191,219,249,288,315,337,366,393,416,447,470,494,520,545,575,600,631,658,674,687,710,725,739,755,773,785,799,812,835,35,1,,,,,,,,,,,,,,
Cumbria,71,9,12,18,25,31,32,44,56,79,105,117,140,156,183,228,275,325,379,407,456,490,558,632,699,743,795,874,971,1043,1130,1199,1233,1258,1292,1344,1396,1432,1469,1500,1523,1542,1580,1623,21,2,,,,,,,,,,,,,,
Cambridgeshire,72,5,6,10,14,14,16,17,18,27,34,43,52,57,71,88,105,117,135,144,156,181,201,214,236,253,272,298,317,343,370,400,424,438,451,464,484,498,528,554,562,578,599,623,48,4,,,,,,,,,,,,,,
"Bristol, City of",73,4,4,5,8,10,11,11,15,22,24,28,36,41,50,54,66,80,94,104,116,133,151,168,183,203,213,227,240,261,289,306,324,350,364,380,397,419,447,461,474,486,507,521,46,4,,,,,,,,,,,,,,
Bracknell Forest,74,3,3,3,3,3,4,5,6,6,7,8,13,15,17,18,20,23,25,30,34,37,46,56,59,69,76,80,83,94,104,107,111,120,127,142,152,157,162,168,173,175,180,183,43,7,,,,,,,,,,,,,,
Tower Hamlets,75,10,11,16,19,22,25,28,34,45,55,66,74,78,89,106,133,167,189,201,221,236,261,285,311,345,365,384,409,426,448,463,478,491,505,519,526,538,548,550,554,560,569,577,49,4,,,,,,,,,,,,,,
Sutton,76,6,6,8,12,14,14,17,21,26,29,39,44,53,78,95,107,120,141,158,169,192,211,248,277,297,303,313,337,366,395,417,431,451,456,510,535,561,579,594,597,604,614,623,48,4,,,,,,,,,,,,,,
Southend-on-Sea,77,2,2,3,3,4,4,6,8,8,8,8,9,13,19,25,27,35,42,48,59,72,87,103,117,135,150,158,177,195,200,206,216,220,228,238,245,251,254,255,256,261,268,273,43,8,,,,,,,,,,,,,,
Southampton,78,3,3,3,5,5,6,8,9,11,14,17,23,27,33,35,41,56,69,79,88,106,126,140,157,166,178,190,199,214,227,249,258,265,275,286,303,312,326,345,360,365,382,398,45,8,,,,,,,,,,,,,,
Luton,79,2,2,2,3,3,3,3,8,14,18,27,30,35,42,57,68,77,89,99,109,125,151,168,191,209,223,250,278,308,343,359,381,397,420,435,459,468,472,496,529,530,539,550,23,4,,,,,,,,,,,,,,
Isle of Wight,80,2,2,2,2,2,2,2,2,2,2,3,4,8,10,10,11,12,13,15,15,18,19,26,27,28,31,33,37,39,44,46,51,53,55,56,56,60,68,69,72,73,73,79,43,7,,,,,,,,,,,,,,
Hammersmith and Fulham,81,9,20,21,24,26,29,32,40,49,52,60,72,86,100,114,132,156,164,176,183,195,212,238,260,279,295,305,321,343,362,372,388,392,399,408,417,445,470,485,489,495,503,522,49,4,,,,,,,,,,,,,,
Wolverhampton,82,8,13,18,29,37,40,44,59,65,72,87,98,103,112,136,147,160,186,204,216,237,260,279,296,307,327,337,359,374,406,425,450,460,469,497,514,530,555,582,598,610,632,652,42,4,,,,,,,,,,,,,,
Waltham Forest,83,3,5,6,8,11,15,17,22,33,42,55,67,70,91,102,126,160,187,208,232,256,292,317,344,374,395,421,446,466,487,512,528,543,561,580,596,621,628,634,647,658,671,678,33,4,,,,,,,,,,,,,,
North Tyneside,84,2,2,2,5,6,6,7,8,11,14,17,17,19,23,27,31,37,48,65,72,75,94,129,143,156,180,198,230,256,274,290,298,314,321,335,346,357,367,379,396,400,407,413,37,8,,,,,,,,,,,,,,
Coventry,85,3,5,7,7,7,7,13,17,21,26,27,36,42,53,72,88,107,120,138,155,178,207,235,255,277,295,305,330,352,362,387,402,417,438,456,469,491,507,527,539,544,569,592,39,4,,,,,,,,,,,,,,
"Bournemouth, Christchurch and Poole",86,5,5,8,8,9,9,9,10,11,12,12,15,16,17,22,27,36,45,52,58,71,77,92,104,115,123,135,153,172,187,204,226,233,255,269,287,295,321,334,346,354,363,375,45,8,,,,,,,,,,,,,,
Windsor and Maidenhead,87,4,7,11,11,14,15,17,18,18,24,29,31,37,44,46,55,60,64,72,74,83,90,99,103,107,116,120,123,133,136,146,148,157,163,165,175,185,199,206,208,212,218,218,45,7,,,,,,,,,,,,,,
Tameside,88,2,3,7,9,11,14,16,19,22,26,28,36,40,43,48,52,60,68,75,88,98,116,131,149,162,177,191,219,229,254,268,278,285,303,322,335,347,363,374,381,387,395,407,46,8,,,,,,,,,,,,,,
Somerset,89,3,5,8,11,13,14,14,14,15,16,19,22,24,28,32,37,44,52,57,61,70,78,86,105,120,126,135,151,161,176,189,205,223,234,248,264,282,313,347,360,368,390,409,45,8,,,,,,,,,,,,,,
Slough,90,5,10,16,19,21,25,32,37,38,43,48,50,56,66,73,79,91,102,107,113,123,129,140,143,153,167,172,181,199,208,216,230,242,251,265,282,298,306,316,324,330,337,342,47,8,,,,,,,,,,,,,,
Richmond upon Thames,91,2,3,4,7,7,9,13,18,23,27,36,38,47,63,76,91,103,122,133,148,160,176,191,199,214,222,229,240,254,263,272,280,286,294,299,307,315,326,331,334,343,348,350,46,8,,,,,,,,,,,,,,
North Lincolnshire,92,1,1,1,1,1,1,2,2,2,4,5,5,5,6,7,10,13,15,17,23,26,34,42,46,59,63,63,70,75,85,102,105,121,129,136,152,168,180,199,211,218,235,248,43,7,,,,,,,,,,,,,,
"Herefordshire, County of",93,1,1,1,2,3,6,6,7,7,7,12,12,15,21,24,24,25,27,31,35,40,49,55,59,64,68,72,83,86,91,96,102,108,117,124,129,132,137,143,153,159,173,184,43,7,,,,,,,,,,,,,,
Havering,94,3,5,6,7,9,13,15,18,29,36,40,46,58,68,84,98,109,119,125,135,151,177,206,236,268,289,309,331,364,395,420,446,464,483,500,514,530,549,557,566,576,587,593,47,4,,,,,,,,,,,,,,
Derby,95,3,5,5,6,7,11,17,20,24,34,37,45,59,76,97,108,116,124,145,165,187,211,241,260,282,300,302,304,319,330,341,353,366,375,379,384,392,396,407,410,414,423,426,47,4,,,,,,,,,,,,,,
Darlington,96,1,1,2,2,2,2,2,2,2,3,3,3,3,4,6,9,12,14,16,17,26,28,32,37,43,53,55,76,87,107,121,125,134,149,153,160,170,175,181,189,194,207,217,43,7,,,,,,,,,,,,,,
West Berkshire,97,1,1,3,3,4,5,6,7,10,11,14,21,22,30,33,40,44,49,55,58,69,73,87,92,101,114,120,126,137,142,144,157,166,173,185,197,206,223,233,248,254,270,280,43,8,,,,,,,,,,,,,,
Sunderland,98,1,1,1,1,1,3,5,5,6,9,12,17,19,25,43,53,64,73,77,88,117,163,206,243,291,337,386,446,495,546,593,630,677,706,740,770,820,844,882,915,943,999,1020,8,1,,,,,,,,,,,,,,
Suffolk,99,3,4,7,8,10,16,17,21,25,26,30,39,46,62,72,77,95,115,121,141,164,190,219,240,270,289,320,350,377,415,442,475,502,529,547,568,604,656,687,749,780,838,857,32,4,,,,,,,,,,,,,,
Shropshire,100,5,12,22,22,22,22,22,22,26,28,33,35,40,44,54,58,72,82,95,108,116,125,138,146,165,173,180,191,200,218,232,238,246,262,279,294,304,319,340,348,360,370,398,47,8,,,,,,,,,,,,,,
Greenwich,101,4,8,14,19,21,27,32,46,58,64,78,96,102,115,132,151,162,180,196,208,221,251,280,303,326,339,360,397,413,436,454,468,479,493,504,533,547,556,564,570,574,582,590,49,4,,,,,,,,,,,,,,
Dudley,102,4,4,8,9,11,15,18,20,26,36,47,53,62,79,92,109,133,147,164,188,216,238,256,286,302,329,349,367,386,402,415,443,463,475,491,501,525,562,581,609,621,638,654,48,4,,,,,,,,,,,,,,
Croydon,103,2,7,15,20,34,40,53,74,89,98,123,148,172,208,235,278,322,364,386,412,468,515,570,650,698,743,779,821,866,922,965,990,1012,1038,1064,1112,1148,1179,1198,1222,1230,1255,1270,28,2,,,,,,,,,,,,,,
South Gloucestershire,104,3,6,9,12,12,13,13,14,16,17,17,20,23,31,36,49,53,59,67,76,91,102,108,117,127,136,146,156,165,193,206,212,218,222,224,232,251,257,264,273,280,296,306,45,8,,,,,,,,,,,,,,
Reading,105,2,2,3,3,6,8,9,11,15,16,16,19,22,26,28,36,43,46,56,67,77,82,96,104,112,126,134,138,151,164,179,193,202,227,254,289,313,341,360,365,371,388,409,44,8,,,,,,,,,,,,,,
Haringey,106,6,12,19,27,28,32,34,38,51,61,72,83,94,109,128,140,149,167,183,199,219,237,259,286,312,329,337,349,378,391,411,422,431,443,457,467,480,484,489,492,505,509,517,49,4,,,,,,,,,,,,,,
Warrington,107,1,1,3,3,3,4,4,4,4,6,7,8,10,15,18,19,22,32,40,50,68,87,104,128,144,160,183,214,244,282,303,331,348,356,372,401,414,440,453,464,471,491,515,29,8,,,,,,,,,,,,,,
Stockton-on-Tees,108,3,4,4,4,5,5,6,9,9,10,12,12,12,15,17,19,25,33,43,48,64,72,84,97,113,125,137,146,165,176,194,200,211,220,229,245,255,263,265,271,281,296,306,43,8,,,,,,,,,,,,,,
Sefton,109,1,1,3,3,5,6,6,7,8,12,14,16,20,27,34,52,64,80,92,104,123,156,184,216,261,294,321,357,395,428,461,475,502,523,555,584,616,634,660,672,684,699,716,15,4,,,,,,,,,,,,,,
Rochdale,110,2,3,3,4,4,5,8,13,14,15,18,24,26,36,43,50,65,76,89,97,108,127,143,152,168,185,196,206,219,237,253,266,271,272,278,287,304,316,323,327,335,362,378,45,8,,,,,,,,,,,,,,
Portsmouth,111,1,1,2,3,6,9,14,17,20,24,27,28,36,45,51,65,70,73,78,80,84,85,91,96,106,112,122,132,140,151,161,170,183,190,194,205,217,223,231,236,237,238,244,44,8,,,,,,,,,,,,,,
North Somerset,112,1,6,11,13,15,16,16,17,17,17,19,20,20,20,21,28,31,37,39,43,51,55,63,69,77,83,87,93,97,102,113,117,124,125,130,135,144,147,165,171,173,177,184,44,7,,,,,,,,,,,,,,
Newham,113,2,5,7,10,14,21,30,35,47,53,67,73,86,112,124,157,195,233,268,289,326,370,410,444,501,544,568,609,649,685,718,742,770,784,804,819,836,849,864,872,878,887,899,26,1,,,,,,,,,,,,,,
Kirklees,114,2,3,3,3,3,4,6,7,12,14,18,21,24,28,34,44,55,65,74,89,108,127,151,173,194,208,220,248,274,295,310,322,337,343,362,386,398,417,428,440,451,458,469,30,8,,,,,,,,,,,,,,
County Durham,115,1,1,1,1,2,3,3,5,7,9,12,15,18,28,34,47,61,75,94,106,126,148,200,236,273,304,330,416,479,532,590,646,697,726,772,810,854,892,928,975,1002,1052,1098,8,1,,,,,,,,,,,,,,
Bexley,116,4,8,13,17,20,21,25,31,36,41,49,53,63,80,93,112,123,142,152,166,181,201,230,247,272,294,312,336,376,392,408,422,435,441,451,474,486,507,518,527,542,555,562,48,4,,,,,,,,,,,,,,
Thurrock,117,1,2,2,2,3,3,5,8,13,14,14,17,22,31,33,37,47,59,66,73,83,93,103,120,125,133,142,150,164,182,187,191,199,204,212,216,218,227,231,235,236,242,251,43,8,,,,,,,,,,,,,,
Telford and Wrekin,118,1,6,6,6,7,7,8,8,9,11,12,14,14,19,22,25,31,39,45,55,61,67,71,78,85,92,101,104,116,122,124,131,133,136,139,144,150,156,166,183,187,197,203,43,7,,,,,,,,,,,,,,
Salford,119,1,1,2,4,4,4,9,11,14,21,30,38,45,56,72,78,96,109,127,141,162,191,209,230,242,258,276,304,314,326,330,352,362,373,382,394,413,444,464,476,487,502,516,31,4,,,,,,,,,,,,,,
Redcar and Cleveland,120,1,1,1,1,1,1,1,2,2,3,3,4,7,9,11,14,20,30,41,48,55,63,74,81,98,111,119,128,140,140,149,158,174,182,196,201,206,212,218,222,230,238,256,43,7,,,,,,,,,,,,,,
Plymouth,121,1,1,1,3,3,6,7,7,10,12,14,16,16,19,26,29,38,41,44,49,56,58,66,78,92,102,103,108,116,120,129,142,143,150,162,178,189,193,200,202,215,224,240,43,7,,,,,,,,,,,,,,
Norfolk,122,1,2,3,9,10,11,17,23,32,35,38,44,50,62,76,88,114,134,157,178,205,230,252,279,322,351,387,434,485,542,595,643,695,735,789,845,900,947,1002,1042,1096,1137,1180,9,1,,,,,,,,,,,,,,
East Riding of Yorkshire,123,2,4,6,10,10,10,12,13,14,16,16,16,18,23,25,31,34,37,40,50,62,77,86,93,105,119,129,149,169,189,198,220,226,242,259,286,310,331,344,356,377,404,426,44,8,,,,,,,,,,,,,,
Dorset,124,1,2,4,5,7,8,8,10,11,13,16,19,25,29,31,34,44,50,58,65,77,82,97,107,122,129,135,147,156,173,190,202,205,210,214,222,230,234,243,251,257,264,269,44,8,,,,,,,,,,,,,,
Doncaster,125,2,2,2,2,2,2,4,6,7,11,15,15,23,26,35,46,55,59,78,94,113,127,144,155,171,178,178,179,187,202,227,231,239,247,256,260,280,301,320,338,347,361,367,44,8,,,,,,,,,,,,,,
Cheshire East,126,1,2,5,7,10,11,11,15,19,23,24,27,32,34,41,53,63,77,85,98,110,128,159,187,201,220,247,280,308,340,377,405,434,453,484,512,538,572,602,626,647,668,689,31,4,,,,,,,,,,,,,,
Central Bedfordshire,127,2,3,3,6,6,11,11,11,17,21,23,26,32,42,51,57,65,77,87,92,103,122,136,159,173,185,201,221,239,255,272,290,304,321,330,346,359,365,387,398,400,411,431,45,8,,,,,,,,,,,,,,
Calderdale,128,1,3,3,3,3,3,5,5,5,5,5,7,7,9,10,14,20,26,31,40,52,57,63,74,86,94,97,107,113,122,128,139,142,150,156,164,176,181,189,193,195,199,205,43,7,,,,,,,,,,,,,,
Blackpool,129,1,1,2,2,3,3,4,6,6,6,7,8,8,9,10,11,15,17,22,26,32,44,49,67,75,89,92,98,108,121,132,148,163,174,189,197,210,226,246,269,290,311,333,43,8,,,,,,,,,,,,,,
Wakefield,130,0,1,5,5,5,5,5,5,9,10,12,14,19,26,33,44,58,65,78,89,100,116,133,150,178,189,210,234,257,282,295,309,317,335,350,365,384,395,407,420,427,439,449,29,8,,,,,,,,,,,,,,
St. Helens,131,0,1,1,2,2,3,3,3,5,6,10,12,14,18,29,40,52,66,76,96,119,137,166,192,222,250,270,298,326,342,363,374,384,398,407,416,444,467,489,498,501,515,545,22,4,,,,,,,,,,,,,,
Solihull,132,0,1,1,1,1,1,3,4,5,10,14,18,21,30,45,61,78,95,124,137,151,168,183,208,228,251,261,273,292,306,325,347,360,367,377,396,415,426,436,447,454,477,488,22,4,,,,,,,,,,,,,,
Sandwell,133,0,2,6,8,11,15,20,22,29,47,53,60,73,95,112,129,143,162,180,209,244,279,309,346,377,396,420,443,471,505,530,566,578,596,630,660,698,731,756,778,799,829,852,25,1,,,,,,,,,,,,,,
Leicester,134,0,1,2,3,3,3,5,8,13,19,21,26,33,44,64,69,82,90,101,102,107,134,167,191,217,232,252,278,300,320,351,371,388,410,419,432,447,457,468,483,506,534,550,22,4,,,,,,,,,,,,,,
East Sussex,135,0,3,5,6,6,6,7,13,16,20,24,28,32,36,45,56,70,83,91,103,117,144,165,182,194,215,227,246,274,292,319,337,349,361,374,387,404,418,438,452,458,468,482,38,4,,,,,,,,,,,,,,
Bath and North East Somerset,136,0,1,3,4,4,4,5,5,10,13,16,17,19,23,26,30,35,39,41,47,52,52,57,61,65,66,71,82,90,98,109,125,135,137,143,152,159,163,169,173,183,184,188,43,7,,,,,,,,,,,,,,
Stoke-on-Trent,137,0,0,2,2,3,3,3,4,5,6,7,9,11,15,20,25,30,33,37,54,68,71,88,97,108,114,121,125,136,154,165,189,200,210,225,239,254,266,282,294,305,321,341,43,8,,,,,,,,,,,,,,
Knowsley,138,0,0,1,1,1,3,3,3,5,5,6,9,11,12,16,26,33,40,50,62,84,98,116,138,160,175,189,221,236,255,284,296,312,320,336,344,369,389,415,421,429,449,460,36,8,,,,,,,,,,,,,,
Halton,139,0,0,2,3,4,4,5,7,7,7,8,8,8,8,13,16,18,25,34,36,48,57,64,78,96,108,123,147,159,173,188,200,211,215,223,233,245,255,265,271,279,286,292,43,8,,,,,,,,,,,,,,
Gateshead,140,0,0,1,1,1,1,1,2,2,2,3,5,5,10,17,18,28,32,45,53,83,102,135,158,177,208,228,270,314,358,394,427,453,473,493,518,539,553,573,598,614,628,660,22,4,,,,,,,,,,,,,,
Northumberland,141,0,0,0,1,1,3,4,6,7,9,10,10,13,20,28,36,48,55,65,71,78,95,135,159,181,206,229,257,287,322,358,382,421,458,489,520,539,556,581,605,625,648,671,22,4,,,,,,,,,,,,,,
Blackburn with Darwen,142,0,0,0,1,1,1,1,1,1,1,3,3,4,7,11,12,14,18,22,30,38,46,54,66,75,85,93,103,116,127,143,155,165,177,188,204,214,225,230,244,249,257,265,43,7,,,,,,,,,,,,,,
Bedford,143,0,0,0,1,1,1,1,3,5,7,7,8,13,24,32,38,47,62,67,70,77,90,101,113,132,138,143,157,173,193,214,230,239,249,265,285,298,318,334,344,348,356,373,43,8,,,,,,,,,,,,,,
Peterborough,144,0,0,0,0,2,2,2,2,3,4,9,12,16,19,21,22,26,32,37,40,46,50,56,61,71,75,81,89,98,103,105,109,111,113,120,124,128,140,151,152,156,165,181,43,7,,,,,,,,,,,,,,
Middlesbrough,145,0,0,0,0,1,1,1,1,2,2,4,5,7,8,10,17,24,31,41,55,72,87,110,123,149,170,191,208,233,238,256,273,288,302,321,341,352,364,382,404,415,431,449,36,8,,,,,,,,,,,,,,
South Tyneside,146,0,0,0,0,0,1,2,2,3,4,6,8,8,10,15,19,21,28,29,34,47,60,69,82,99,111,126,149,168,187,199,217,229,238,254,281,303,333,357,370,377,402,420,43,8,,,,,,,,,,,,,,
Hartlepool,147,0,0,0,0,0,0,1,1,2,2,3,3,3,3,3,5,6,8,11,12,17,20,23,25,30,36,39,48,59,65,74,78,82,88,92,100,107,112,112,122,126,131,139,43,7,,,,,,,,,,,,,,
North East Lincolnshire,148,0,0,0,0,0,0,0,0,1,1,2,3,4,6,10,15,18,21,22,25,29,31,36,37,47,50,52,58,61,65,69,73,78,80,84,90,90,91,100,102,103,107,109,43,7,,,,,,,,,,,,,,
City of London,149,0,0,0,0,0,0,0,0,0,0,5,5,5,5,5,5,6,7,7,8,10,11,11,11,11,11,11,11,11,13,13,13,13,13,13,13,13,13,13,13,13,15,16,43,7,,,,,,,,,,,,,,
Rutland,150,0,0,0,0,0,0,0,0,0,0,0,0,0,1,2,2,3,3,3,4,4,6,6,6,7,7,8,8,8,9,9,10,10,11,12,12,12,13,13,13,13,13,13,43,7,,,,,,,,,,,,,,
Abruzzo Chieti,151,0,0,0,0,0,0,0,0,0,0,2,3,4,4,7,9,9,20,23,25,30,38,41,44,69,80,91,102,129,133,146,175,189,229,266,273,280,292,299,310,317,325,327,43,8,343,361,369,392,441,452,465,469,469,499,553,566,571,606
Abruzzo L'Aquila,152,0,0,0,0,0,0,0,0,1,1,1,1,1,1,5,6,6,8,9,13,15,18,19,20,25,29,31,38,40,47,60,64,75,88,101,115,123,128,140,166,174,179,183,43,7,189,197,199,213,218,220,220,228,229,232,233,233,237,237
Abruzzo Pescara,153,0,0,0,0,0,0,0,0,1,1,1,1,2,8,14,18,18,48,48,65,82,101,138,160,223,259,302,334,370,369,412,445,476,512,576,594,622,631,646,669,700,727,728,22,4,756,771,805,838,869,889,930,947,971,1005,1042,1071,1094,1143
Abruzzo Teramo,154,0,0,0,1,1,2,5,5,3,3,4,4,4,4,4,5,5,8,9,9,10,19,31,39,68,81,105,113,124,140,195,262,277,304,350,363,376,385,412,418,437,472,483,43,8,511,530,558,571,592,599,598,601,605,610,615,617,619,626
Basilicata Matera,155,0,0,0,0,0,0,0,0,0,0,0,1,1,2,3,3,3,3,3,3,4,4,4,5,7,9,8,16,18,25,36,48,53,76,84,92,104,114,118,124,125,136,143,43,7,144,145,146,147,151,153,155,155,155,169,170,172,174,174
Basilicata Potenza,156,0,0,0,0,0,0,0,0,1,1,1,2,2,2,2,4,5,5,7,7,7,8,16,22,30,43,58,65,72,67,70,86,98,106,118,122,122,123,128,137,139,142,144,43,7,147,152,157,161,161,162,164,164,165,167,167,167,168,168
P.A. Bolzano Bolzano,157,0,1,1,1,1,1,1,1,1,1,1,4,9,9,9,38,75,104,125,173,204,241,291,376,436,548,621,678,724,781,858,906,1003,1109,1214,1325,1371,1418,1479,1559,1592,1644,1722,1,2,1811,1835,1903,1955,1957,2098,2149,2184,2224,2267,2296,2325,2380,2394
Calabria Catanzaro,158,0,0,0,0,0,0,0,0,0,0,1,2,2,2,3,3,2,3,3,5,6,6,14,20,27,34,38,45,46,49,51,53,115,118,123,134,139,140,146,150,150,157,158,43,7,162,169,173,176,181,182,183,184,190,194,195,197,197,197
Calabria Cosenza,159,0,0,0,0,1,1,1,1,1,1,1,1,1,1,4,6,5,8,10,15,17,17,27,31,38,45,50,63,68,84,99,107,128,154,171,184,186,188,194,203,204,230,243,43,7,254,266,275,289,291,291,295,317,318,357,367,385,407,408
Calabria Crotone,160,0,0,0,0,0,0,0,0,0,0,0,0,0,0,0,0,1,6,7,5,17,17,21,23,39,45,50,61,62,66,71,80,80,87,90,93,93,94,94,106,106,109,111,43,7,112,113,113,113,113,117,117,117,117,117,117,117,117,117
Calabria Reggio di Calabria,161,0,0,0,0,0,0,0,0,0,0,0,1,1,1,2,3,6,11,13,18,22,22,46,47,57,73,84,88,94,97,105,123,140,155,189,190,195,201,207,218,222,237,243,43,7,243,248,250,256,260,263,263,268,276,269,240,240,241,243
Calabria Vibo Valentia,162,0,0,0,0,0,0,0,0,0,0,0,0,0,0,2,1,5,5,5,17,6,6,6,8,8,8,11,14,20,21,23,28,29,39,39,44,44,44,48,54,57,60,60,43,7,60,61,61,65,68,68,68,68,68,70,70,70,71,71
Campania Avellino,163,0,0,0,0,0,0,0,0,0,0,0,0,0,3,3,3,7,12,14,19,37,49,56,56,88,97,124,132,145,155,172,180,182,193,208,220,226,258,290,340,351,355,373,43,8,375,378,379,397,399,400,401,402,407,416,423,425,427,427
Campania Benevento,164,0,0,0,0,0,0,0,0,0,0,0,0,0,4,4,4,2,3,3,3,4,4,4,4,8,8,11,13,13,14,14,14,15,21,21,70,76,81,85,85,86,108,108,43,7,111,133,145,149,152,156,156,157,157,157,164,167,170,170
Campania Caserta,165,0,0,0,0,0,0,0,0,0,0,0,0,0,28,32,34,26,29,38,41,45,60,65,65,94,96,106,116,124,152,165,177,179,186,197,206,221,238,255,264,279,300,308,43,8,331,349,352,359,368,375,381,387,390,393,393,397,397,400
Campania Napoli,166,0,0,0,3,4,13,17,17,30,17,17,17,17,45,55,61,96,109,140,171,188,219,258,258,358,416,463,504,543,588,626,665,734,827,898,991,1053,1161,1279,1428,1498,1532,1568,1,2,1643,1668,1699,1772,1809,1871,1932,2010,2026,2072,2109,2130,2159,2181
Campania Salerno,167,0,0,0,0,0,0,0,0,0,0,0,0,0,15,17,17,17,18,20,31,49,57,65,65,92,115,126,157,179,182,220,244,244,307,323,338,341,360,385,400,426,437,462,43,8,468,489,499,513,533,536,541,557,564,587,599,602,607,622
Emilia-Romagna Bologna,168,0,0,0,0,0,2,2,3,6,11,19,41,49,62,80,86,108,122,155,195,230,291,333,395,465,552,610,674,833,968,1107,1253,1413,1586,1743,1872,1940,2084,2225,2339,2429,2521,2617,3,6,2656,2758,2856,2954,3075,3197,3292,3320,3380,3490,3619,3679,3740,3822
Emilia-Romagna Ferrara,169,0,0,0,0,0,0,0,0,0,0,0,1,2,6,7,8,12,17,24,29,34,44,58,64,78,102,123,150,172,190,204,212,244,281,300,306,320,326,341,368,474,488,510,43,8,522,538,563,566,580,616,618,635,649,709,744,759,771,787
Emilia-Romagna ForlÃ¬-Cesena,170,0,0,0,0,0,0,1,1,1,2,4,3,7,15,16,20,24,33,49,62,78,103,144,171,227,250,269,329,380,437,454,513,580,612,642,683,730,756,789,866,924,977,1015,15,1,1034,1058,1081,1099,1163,1211,1245,1301,1324,1347,1380,1396,1415,1435
Emilia-Romagna Modena,171,0,3,8,18,18,22,24,29,33,41,45,73,82,97,116,127,163,190,251,306,367,440,460,575,663,767,906,1010,1155,1354,1533,1676,1772,1922,2094,2137,2222,2297,2416,2498,2551,2609,2691,4,6,2758,2811,2867,2930,3011,3087,3132,3180,3217,3262,3301,3340,3390,3411
Emilia-Romagna Parma,172,0,4,8,10,27,35,59,61,84,115,150,181,229,276,279,325,378,430,518,570,662,707,800,800,869,979,1014,1209,1364,1435,1525,1611,1690,1752,1809,1859,1933,2005,2049,2083,2201,2275,2317,14,6,2365,2395,2421,2473,2512,2531,2573,2582,2616,2698,2725,2768,2813,2887
Emilia-Romagna Piacenza,173,0,18,28,63,89,138,174,212,256,319,378,426,479,528,602,633,664,679,710,853,1012,1073,1204,1340,1428,1575,1693,1765,1885,1981,2122,2213,2276,2390,2475,2516,2635,2716,2765,2811,2842,2892,2936,7,6,2953,2980,3020,3049,3063,3100,3138,3167,3223,3249,3274,3299,3369,3393
Emilia-Romagna Ravenna,174,0,0,0,0,1,1,2,2,2,2,3,8,10,13,19,24,31,41,55,78,100,114,124,153,185,213,287,309,342,368,387,451,488,521,553,568,580,605,627,656,688,708,728,22,4,738,746,751,776,789,801,827,880,889,904,910,921,926,934
Emilia-Romagna Reggio nell'Emilia,175,0,0,0,0,1,4,7,8,14,20,31,44,48,70,103,104,114,123,138,153,185,241,299,414,608,773,977,1167,1369,1437,1586,1698,1861,1996,2146,2208,2307,2553,2665,2800,2908,3066,3167,4,6,3215,3352,3505,3630,3765,3849,3888,3947,3982,4053,4090,4217,4318,4352
Emilia-Romagna Rimini,176,0,1,3,6,9,15,16,19,24,33,68,93,104,113,164,206,245,312,363,398,425,509,509,613,691,757,826,942,1035,1084,1136,1189,1264,1323,1357,1382,1407,1445,1456,1511,1523,1553,1575,11,2,1584,1596,1613,1651,1677,1706,1727,1740,1749,1774,1791,1805,1818,1846
Friuli Venezia Giulia Gorizia,177,0,0,0,0,0,0,0,0,3,5,5,6,6,6,6,10,12,12,20,20,31,16,18,25,28,30,38,44,55,57,65,75,79,85,91,91,98,106,110,111,115,116,119,43,7,119,121,120,121,121,123,127,129,130,132,132,131,132,138
Friuli Venezia Giulia Pordenone,178,0,0,0,0,0,0,0,0,0,0,0,0,2,2,2,4,13,13,31,45,42,54,54,76,97,114,144,165,170,201,277,295,332,362,368,383,405,419,441,452,461,470,477,43,8,480,497,513,520,529,539,547,551,557,573,574,587,591,596
Friuli Venezia Giulia Trieste,179,0,0,0,0,0,0,6,9,2,5,5,7,11,25,25,53,57,57,131,148,140,164,177,180,208,216,270,297,320,329,355,385,411,452,476,494,545,575,598,629,651,670,708,22,4,733,763,821,857,872,890,916,945,961,1011,1067,1102,1108,1122
Friuli Venezia Giulia Udine,180,0,0,0,0,0,0,0,0,8,8,11,18,23,24,24,26,44,44,75,88,129,152,145,181,266,296,338,361,385,405,431,460,487,530,536,524,536,576,641,681,754,786,793,15,4,813,830,839,845,865,873,884,890,891,895,897,906,910,915
Lazio Frosinone,181,0,0,0,0,0,0,0,0,0,1,1,1,1,2,2,6,8,18,28,28,34,44,49,54,48,52,59,78,82,97,106,156,191,232,252,290,321,329,334,354,364,369,374,43,8,401,425,441,463,469,473,472,473,479,497,502,505,521,525
Lazio Latina,182,0,0,0,0,0,0,0,0,0,0,0,2,2,6,6,11,11,11,15,20,23,23,23,23,23,115,136,146,159,182,198,206,212,215,239,254,257,272,280,304,318,336,349,43,8,356,364,377,384,387,398,404,410,419,421,430,436,442,444
Lazio Rieti,183,0,0,0,0,0,0,0,0,0,0,0,0,0,0,0,1,3,2,3,3,4,11,12,12,18,18,24,24,31,33,39,41,43,62,76,105,132,193,188,188,188,189,266,43,7,268,269,269,270,273,276,276,276,277,277,278,280,280,281
Lazio Roma,184,0,3,3,3,3,6,6,7,14,29,42,49,71,77,91,76,99,162,218,288,354,412,486,590,678,755,893,1049,1171,1287,1428,1567,1703,1839,1945,2068,2186,2260,2393,2503,2620,2714,2769,4,6,2830,2910,3026,3114,3219,3315,3431,3560,3665,3767,3888,4018,4082,4133
Lazio Viterbo,185,0,0,0,0,0,0,0,0,0,0,0,2,2,2,2,5,10,5,10,13,15,27,31,39,50,63,72,82,93,121,122,122,124,144,179,181,181,193,219,226,240,243,243,43,7,262,263,278,304,313,316,318,326,326,338,346,349,349,349
Liguria Genova,186,0,0,0,0,0,0,1,1,1,1,1,9,15,25,38,42,63,92,128,231,274,274,330,378,488,527,561,677,689,696,782,762,817,879,1026,1069,1095,1108,1153,1180,1312,1924,2002,1,2,2157,2785,2849,2918,2932,3086,3086,3472,3487,3522,3557,3644,3706,3792
Liguria Imperia,187,0,0,0,0,0,0,1,1,2,2,2,3,7,10,11,15,18,32,41,64,78,78,76,101,117,145,155,168,160,186,177,211,214,236,234,243,234,226,220,223,224,586,592,43,8,667,799,831,899,881,882,882,979,1036,1048,1083,1104,1122,1156
Liguria La Spezia,188,0,0,1,1,1,1,1,1,1,1,1,1,5,11,15,15,19,26,37,52,60,60,65,83,88,90,94,99,110,104,137,149,213,234,233,234,248,245,250,323,341,445,450,43,8,463,605,619,629,629,670,670,660,696,720,725,741,767,777
Liguria Savona,189,0,1,10,18,18,41,19,16,20,19,20,15,19,25,35,38,42,52,62,87,96,96,100,126,131,162,173,175,185,204,210,209,223,219,239,249,249,251,245,264,261,734,695,46,8,509,654,656,686,771,797,797,697,717,749,812,812,926,937
Lombardia Bergamo,190,0,18,20,72,103,110,209,243,372,423,537,623,761,997,1245,1472,1815,2136,2368,2864,3416,3760,3993,4305,4645,5154,5869,6216,6471,6728,7072,7458,8060,8349,8527,8664,8803,9039,9171,9315,9588,9712,9815,7,3,9868,9931,10043,10151,10258,10309,10391,10426,10472,10518,10590,10629,10689,10738
Lombardia Brescia,191,0,0,2,10,13,14,49,60,86,127,155,182,413,501,739,790,1351,1598,1784,2122,2473,2918,3300,3784,4247,4648,5028,5317,5905,6298,6597,6931,7305,7678,8013,8213,8367,8598,8757,9014,9180,9340,9477,7,3,9594,9909,10122,10369,10599,10868,11058,11093,11187,11355,11567,11758,11946,12004
Lombardia Como,192,0,0,0,0,0,1,2,2,4,5,11,11,23,27,40,46,77,98,118,154,184,220,256,286,338,380,452,512,581,635,706,762,816,903,1014,1061,1101,1157,1205,1256,1319,1384,1473,1,2,1525,1542,1605,1686,1825,1924,2015,2106,2154,2233,2285,2439,2488,2550
Lombardia Cremona,193,0,53,57,91,123,136,214,223,287,333,406,452,562,665,916,957,1061,1302,1344,1565,1792,1881,2073,2167,2286,2392,2733,2895,2925,3061,3156,3370,3496,3605,3762,3788,3869,3941,3974,4097,4154,4233,4260,7,5,4323,4422,4489,4562,4658,4721,4945,5172,5202,5273,5313,5407,5417,5491
Lombardia Lecco,194,0,0,0,0,0,0,2,3,4,5,8,11,35,53,66,89,113,199,237,287,344,386,440,466,530,676,818,872,934,1015,1076,1159,1210,1316,1381,1437,1470,1516,1552,1594,1628,1678,1712,2,2,1731,1755,1805,1838,1860,1881,1911,1970,1982,1986,2005,2030,2072,2080
Lombardia Lodi,195,0,125,128,159,182,237,344,384,482,559,658,739,811,853,928,963,1035,1123,1133,1276,1320,1362,1418,1445,1528,1597,1693,1772,1817,1860,1884,1968,2006,2029,2057,2087,2116,2157,2189,2214,2238,2255,2278,7,6,2321,2347,2376,2419,2472,2543,2559,2569,2587,2626,2678,2714,2724,2740
Lombardia Mantova,196,0,0,0,0,0,1,4,5,15,22,26,32,46,56,102,119,137,169,187,261,339,382,465,514,636,723,842,905,985,1093,1176,1250,1398,1484,1550,1617,1688,1736,1782,1884,1981,2044,2084,3,2,2142,2216,2277,2355,2411,2486,2571,2631,2655,2691,2748,2863,2905,2913
Lombardia Milano,197,0,8,8,15,29,30,46,58,93,145,197,267,361,406,506,592,925,1146,1307,1551,1750,1983,2326,2644,3278,3804,4672,5096,5326,5701,6074,6922,7469,7783,8329,8676,8911,9522,10004,10391,10819,11230,11538,7,3,11787,12039,12479,12748,13268,13680,14161,14350,14675,14952,15277,15546,15825,16112
Lombardia Monza e della Brianza,198,0,3,4,5,6,6,6,8,9,11,19,20,61,59,64,65,85,130,143,224,327,346,376,401,495,816,1084,1108,1130,1454,1587,1750,1948,2086,2265,2362,2462,2543,2633,2774,2935,3046,3157,4,6,3206,3264,3355,3424,3575,3639,3720,3821,3878,3932,3975,4042,4098,4157
Lombardia Pavia,199,0,27,27,36,49,55,78,83,122,126,151,180,221,243,296,324,403,468,482,622,722,801,884,978,1011,1105,1194,1306,1444,1499,1578,1685,1712,1877,1974,2036,2133,2180,2285,2331,2499,2619,2700,7,6,2735,2823,2889,2963,3049,3133,3193,3246,3316,3390,3448,3536,3582,3641
Lombardia Sondrio,200,0,1,3,3,3,3,3,3,3,4,4,4,6,6,7,7,13,23,23,45,45,46,74,75,155,163,179,205,208,253,284,325,362,388,422,446,470,484,517,537,563,591,614,29,4,620,636,654,661,684,720,796,849,859,864,866,937,956,960
Lombardia Varese,201,0,0,0,0,3,4,4,4,7,11,17,23,27,32,44,50,75,98,125,158,184,202,234,265,310,338,359,386,421,450,468,502,711,768,812,866,893,937,1002,1085,1148,1191,1293,8,1,1326,1348,1491,1589,1633,1663,1711,1813,1884,1953,2021,2106,2158,2196
Marche Ancona,202,0,0,0,0,0,0,1,2,5,9,19,23,38,54,63,81,110,142,158,215,267,323,356,403,447,513,564,676,702,751,820,869,905,944,1019,1060,1116,1174,1211,1263,1290,1356,1401,1,2,1429,1455,1481,1501,1547,1590,1605,1629,1647,1664,1686,1702,1718,1737
Marche Ascoli Piceno,203,0,0,0,0,0,0,0,0,0,0,0,0,0,0,0,0,1,1,2,7,14,21,23,25,27,43,50,56,61,64,80,111,118,163,179,197,222,224,227,232,233,235,235,43,7,235,236,236,237,249,253,254,254,259,266,268,271,271,271
Marche Fermo,204,0,0,0,0,0,0,0,0,0,1,3,3,3,5,5,6,8,11,16,22,36,36,36,46,68,80,82,113,133,139,160,204,233,241,246,246,259,263,284,298,305,308,312,43,8,314,334,339,343,354,361,363,363,367,378,379,381,384,391
Marche Macerata,205,0,0,0,0,0,0,0,0,1,2,2,7,7,9,9,11,17,32,48,58,94,117,128,160,186,215,238,293,326,368,395,405,411,457,476,477,493,506,533,561,598,614,639,22,4,664,714,732,776,801,818,834,837,846,871,895,906,914,922
Marche Pesaro e Urbino,206,0,0,1,3,6,11,24,33,55,72,100,126,159,204,246,296,342,403,496,591,712,733,812,910,983,1099,1186,1249,1312,1371,1432,1474,1475,1507,1577,1639,1664,1722,1756,1786,1820,1853,1919,5,6,1956,2001,2044,2093,2121,2140,2181,2195,2230,2249,2277,2293,2312,2333
Molise Campobasso,207,0,0,0,0,0,0,0,0,3,3,7,12,14,14,14,15,16,16,17,17,17,21,25,24,33,39,49,53,54,60,60,85,91,97,108,114,124,139,142,149,154,166,166,43,7,166,166,176,185,187,191,191,191,197,197,202,202,211,212
Molise Isernia,208,0,0,0,0,0,0,0,0,0,0,0,0,0,0,0,0,0,0,0,0,0,0,0,1,4,4,4,4,4,4,4,9,9,13,9,9,9,10,11,15,40,44,44,43,7,43,43,43,43,43,50,50,50,50,50,50,50,50,51
Piemonte Alessandria,209,0,0,0,0,0,0,0,0,1,16,22,32,40,60,63,65,105,132,136,182,207,273,323,374,374,595,654,760,817,946,946,980,1106,1197,1255,1280,1317,1378,1428,1491,1591,1763,1904,2,2,1946,2016,2081,2119,2191,2248,2315,2367,2407,2580,2696,2752,2783,2815
Piemonte Asti,210,0,0,0,0,0,0,0,37,40,41,43,47,50,58,58,58,68,69,70,87,87,87,90,101,101,151,166,181,209,235,261,282,303,318,328,402,434,461,501,523,560,596,609,30,4,629,643,655,703,745,779,793,868,897,925,957,1038,1064,1142
Piemonte Biella,211,0,0,0,0,0,0,0,0,0,0,2,3,6,19,18,20,36,39,48,48,50,67,96,109,109,175,182,243,253,280,327,336,367,399,439,471,490,503,523,542,559,571,583,29,4,591,600,621,628,653,662,679,702,717,719,728,748,783,787
Piemonte Cuneo,212,0,0,0,0,0,0,0,0,0,0,0,1,1,5,11,14,17,24,40,47,61,91,119,149,149,221,265,303,367,409,441,487,518,558,591,650,731,778,826,850,932,1071,1135,15,1,1187,1227,1301,1318,1350,1462,1607,1747,1791,1814,1897,1977,2053,2075
Piemonte Novara,213,0,0,0,0,0,0,0,3,3,3,3,4,5,13,14,22,27,32,48,48,71,109,150,190,190,293,330,398,420,471,517,577,609,657,694,733,797,854,902,930,967,986,1008,15,1,1073,1146,1218,1258,1540,1605,1612,1638,1708,1825,1855,1941,1987,1996
Piemonte Torino,214,0,3,3,2,11,11,49,6,7,11,19,34,55,89,87,111,159,187,305,305,359,542,749,1042,1042,1556,1680,1989,2198,2496,2813,3108,3361,3658,3933,4150,4455,4711,4991,5295,5772,5985,6180,7,5,6375,6595,6925,7226,7605,7939,8129,8339,8656,9116,9503,9791,10144,10278
Piemonte Verbano-Cusio-Ossola,215,0,0,0,0,0,0,0,4,4,5,5,9,10,13,11,11,13,18,29,36,50,58,76,89,89,142,149,159,190,229,247,255,288,308,346,376,393,410,444,505,535,556,619,36,8,630,719,774,790,859,865,876,893,904,910,917,921,935,937
Piemonte Vercelli,216,0,0,0,0,0,0,0,1,1,3,8,7,10,15,11,18,24,25,29,31,84,99,113,131,131,203,210,242,263,290,308,336,358,397,426,449,473,488,520,565,583,605,647,29,4,665,678,693,708,789,817,830,839,847,912,935,964,975,984
Puglia Bari,217,0,0,0,1,0,0,0,1,2,2,2,3,5,5,6,15,18,25,38,42,58,58,95,112,137,165,194,231,268,304,336,387,444,469,518,594,616,655,700,741,762,790,807,22,4,834,861,870,886,913,921,962,989,1013,1029,1050,1075,1110,1138
Puglia Barletta-Andria-Trani,218,0,0,0,0,0,0,0,0,0,1,1,1,2,3,3,3,4,6,10,17,22,22,23,23,26,30,32,49,59,62,65,85,92,96,98,103,111,116,126,129,129,138,177,43,7,177,212,212,243,260,296,301,306,315,330,333,335,335,335
Puglia Brindisi,219,0,0,0,0,0,0,0,0,0,0,0,0,3,3,5,5,15,16,20,23,40,40,52,65,75,84,94,100,102,103,116,122,125,148,152,164,164,191,208,218,234,246,257,43,7,262,284,299,316,334,358,379,403,417,428,439,458,485,500
Puglia Foggia,220,0,0,0,0,0,0,0,0,1,2,7,7,9,16,23,23,24,33,34,52,62,62,91,91,134,163,190,212,226,255,277,305,325,355,377,405,457,490,502,527,546,564,605,29,4,635,652,701,721,724,739,737,742,756,780,807,822,852,868
Puglia Lecce,221,0,0,0,0,0,0,0,0,0,1,1,3,4,10,10,10,12,18,19,24,38,38,62,65,71,88,103,120,149,161,164,177,215,239,239,293,303,321,353,359,362,368,378,43,8,384,389,395,403,418,418,424,425,426,427,434,443,451,452
Puglia Taranto,222,0,0,0,0,3,3,3,3,3,3,3,3,3,3,3,3,4,6,8,8,10,10,17,19,23,33,35,41,46,51,56,74,78,93,99,121,126,148,163,178,180,182,190,43,7,192,201,206,208,218,221,225,226,228,235,235,239,242,243
Sardegna Cagliari,223,0,0,0,0,0,0,0,0,1,2,2,3,3,9,14,15,15,11,15,16,18,24,27,32,41,43,45,52,61,64,74,83,83,97,102,103,111,116,126,134,144,146,146,43,7,148,151,161,179,185,191,197,201,207,208,211,212,217,218
Sardegna Nuoro,224,0,0,0,0,0,0,0,0,0,0,0,2,2,2,3,3,18,18,18,18,19,19,20,20,21,22,22,22,22,26,26,52,52,56,57,57,57,59,60,62,62,65,65,43,7,65,67,67,67,67,67,67,67,67,67,67,70,74,74
Sardegna Oristano,225,0,0,0,0,0,0,0,0,0,0,0,0,0,0,1,1,2,2,2,2,2,2,2,3,3,4,4,4,7,7,7,7,9,9,9,10,10,15,18,19,20,24,27,43,7,28,29,31,31,33,34,35,35,38,39,40,41,42,52
Sardegna Sassari,226,0,0,0,0,0,0,0,0,0,0,0,0,0,0,1,1,2,4,4,6,35,57,63,74,134,216,251,253,260,309,318,331,336,407,415,454,486,497,528,547,585,601,610,36,4,620,654,689,706,724,737,745,749,763,764,774,789,796,798
Sardegna Sud Sardegna,227,0,0,0,0,0,0,0,0,0,0,0,0,0,0,0,0,0,4,4,5,3,5,5,5,7,8,8,8,9,15,17,21,50,55,55,58,58,58,62,63,63,71,74,43,7,74,74,78,80,82,84,84,86,86,86,86,86,86,86
Sicilia Agrigento,228,0,0,0,0,0,0,0,0,0,0,0,0,1,1,1,11,16,17,17,17,20,22,22,24,27,31,36,41,45,47,50,55,58,58,78,89,94,96,98,100,102,107,109,43,7,110,113,115,119,123,126,128,130,131,132,132,132,132,132
Sicilia Caltanissetta,229,0,0,0,0,0,0,0,0,0,0,0,0,0,0,0,0,0,2,2,2,2,4,4,6,12,18,27,27,29,40,45,50,55,57,68,70,70,76,80,83,93,102,104,43,7,105,107,112,116,122,128,131,135,137,138,138,138,138,138
Sicilia Catania,230,0,0,0,1,1,1,1,1,1,1,1,15,23,23,23,35,41,49,49,49,91,96,108,131,151,162,189,234,274,286,308,346,365,387,407,448,498,510,544,559,569,594,614,29,4,630,646,662,672,678,689,704,715,725,735,745,758,783,808
Sicilia Enna,231,0,0,0,0,0,0,0,0,0,0,0,1,0,0,0,1,1,1,1,1,2,5,8,8,21,25,27,34,44,63,90,133,155,168,192,195,203,224,238,257,280,284,287,43,7,289,296,300,316,321,325,327,335,340,341,358,365,372,377
Sicilia Messina,232,0,0,0,0,0,0,0,0,0,0,0,0,2,2,2,2,4,9,9,9,10,11,16,16,16,39,70,112,120,139,174,221,227,279,289,305,311,319,323,337,344,353,362,43,8,370,376,399,412,422,429,436,439,449,456,467,481,489,497
Sicilia Palermo,233,0,3,3,3,3,3,3,3,3,3,3,5,6,6,6,10,15,26,26,26,33,37,40,47,52,59,63,92,109,170,193,205,218,232,236,253,262,276,282,290,296,299,301,43,8,317,329,346,351,363,376,385,391,393,399,404,412,417,420
Sicilia Ragusa,234,0,0,0,0,0,0,0,0,0,0,0,1,1,1,1,1,1,2,2,2,4,4,4,6,7,7,8,9,9,9,22,28,32,32,32,35,43,44,45,46,47,48,54,43,7,54,56,58,61,64,66,67,67,68,69,69,69,69,69
Sicilia Siracusa,235,0,0,0,0,0,0,0,0,0,0,0,2,2,2,2,2,3,5,5,5,15,21,21,28,33,40,43,49,49,49,64,77,79,84,87,89,93,98,101,106,107,109,111,43,7,113,122,124,135,146,148,149,156,158,174,177,182,182,183
Sicilia Trapani,236,0,0,0,0,0,0,0,0,0,0,0,0,0,0,0,0,2,4,4,4,11,13,14,16,21,27,27,32,42,43,48,49,61,62,71,71,73,75,80,81,94,98,104,43,7,109,114,116,120,125,129,131,133,134,135,135,135,135,135
Toscana Arezzo,237,0,0,0,0,0,0,0,1,2,2,5,7,8,9,12,13,14,14,16,27,41,43,71,142,113,124,136,154,201,211,229,249,249,272,284,310,332,343,357,358,370,378,387,43,8,396,398,399,403,417,429,453,487,522,530,541,548,558,567
Toscana Firenze,238,0,1,2,1,7,5,5,4,7,12,20,23,27,39,51,61,71,86,101,132,162,186,214,295,349,401,451,514,548,622,709,764,764,855,957,1022,1087,1158,1419,1543,1626,1715,1769,1,2,1805,1871,1961,2069,2154,2259,2269,2311,2372,2443,2494,2563,2609,2653
Toscana Grosseto,239,0,0,0,0,0,0,0,0,0,0,2,2,2,4,6,10,12,16,16,31,38,50,60,68,89,97,106,120,128,140,147,174,174,234,245,251,257,263,264,264,273,277,284,43,8,290,290,292,310,323,327,368,368,368,368,376,379,380,383
Toscana Livorno,240,0,0,0,0,0,0,0,0,0,3,3,5,6,10,10,14,16,16,27,40,50,53,59,62,62,117,120,130,140,162,179,204,204,220,236,271,280,295,301,307,316,322,323,43,8,336,349,353,358,379,398,404,410,415,465,475,480,489,491
Toscana Lucca,241,0,0,0,0,0,1,1,1,3,3,6,8,15,26,31,37,43,49,79,96,130,138,179,205,230,249,307,356,363,387,436,481,481,618,672,711,729,771,802,843,855,872,888,15,1,920,954,979,988,1006,1020,1060,1061,1073,1134,1158,1165,1197,1213
Toscana Massa Carrara,242,0,0,0,0,0,1,3,3,3,4,6,10,16,21,28,37,40,40,65,88,108,117,143,176,200,232,256,281,289,314,330,334,334,470,493,543,561,611,644,644,659,667,698,22,4,734,769,790,798,814,855,867,873,881,893,912,918,933,949
Toscana Pisa,243,0,0,0,0,0,0,0,0,0,2,5,8,11,17,20,31,34,34,51,62,71,78,101,124,146,180,211,234,266,285,317,350,350,398,432,446,471,491,515,519,527,544,560,29,4,584,592,606,613,636,677,694,727,733,750,766,774,778,804
Toscana Pistoia,244,0,1,0,1,1,1,1,1,1,1,1,1,6,13,16,21,32,43,48,63,79,90,100,122,145,171,181,215,229,243,254,264,264,298,309,324,332,333,346,361,374,394,400,43,8,404,450,457,468,490,506,509,513,516,536,547,554,557,568
Toscana Prato,245,0,0,0,0,0,0,0,0,0,1,1,1,3,3,5,7,21,25,26,33,42,45,53,59,70,94,111,129,137,159,178,189,189,217,221,248,258,290,291,323,332,338,342,43,8,344,345,355,357,370,393,394,404,411,440,449,457,466,472
Toscana Siena,246,0,0,0,0,0,3,3,3,3,10,12,14,19,24,29,33,37,41,41,58,60,66,73,77,78,128,133,144,160,176,193,216,216,235,273,286,301,312,334,337,339,340,350,43,8,360,361,360,363,369,371,372,373,375,384,392,399,405,407
P.A. Trento Trento,247,0,0,0,0,0,0,0,0,4,5,7,10,14,23,33,52,77,107,163,206,378,378,385,455,523,642,782,954,1023,1110,1222,1297,1391,1505,1594,1682,1746,1870,2003,2109,2220,2285,2348,3,6,2476,2602,2708,2816,2970,3053,3126,3141,3220,3294,3376,3431,3532,3590
Umbria Perugia,248,0,0,0,0,0,0,2,1,1,6,6,10,15,15,12,13,26,37,47,47,86,104,129,164,236,280,329,376,424,472,523,600,658,729,775,792,813,822,844,884,905,925,929,15,1,933,941,947,950,952,956,956,957,958,963,967,972,975,976
Umbria Terni,249,0,0,0,0,0,0,0,1,1,3,3,6,9,11,16,24,18,25,29,29,57,60,63,74,84,97,115,128,134,155,163,178,195,213,218,226,230,236,246,257,263,275,284,43,8,288,303,305,306,310,316,317,317,317,318,322,325,328,328
Valle d'Aosta Aosta,250,0,0,0,0,0,0,0,0,0,0,2,7,8,9,15,17,20,27,28,42,57,105,136,165,215,264,313,364,393,400,401,408,452,511,584,584,628,631,668,719,748,782,805,22,4,835,850,868,879,902,921,927,947,958,971,993,1073,1088,1088
Veneto Belluno,251,0,0,0,0,0,0,0,3,5,7,7,7,11,23,29,29,30,48,59,78,82,101,109,140,150,195,212,226,254,273,298,313,329,367,396,423,430,460,487,499,522,538,558,29,4,577,602,620,649,653,664,686,698,723,755,807,835,856,904
Veneto Padova,252,0,30,40,59,68,81,105,135,144,162,175,198,216,255,273,296,373,439,523,611,658,715,781,882,924,1026,1155,1277,1371,1464,1636,1777,1891,2009,2124,2188,2264,2368,2489,2553,2632,2744,2863,7,6,2965,3056,3134,3206,3250,3310,3354,3407,3450,3537,3591,3633,3667,3693
Veneto Rovigo,253,0,0,0,0,0,0,0,0,1,4,5,5,5,5,7,10,14,13,16,27,27,27,28,33,52,67,68,76,80,82,87,110,122,122,125,131,136,140,152,180,184,186,203,43,7,218,232,249,271,274,280,280,287,291,297,301,306,306,307
Veneto Treviso,254,0,1,2,22,23,35,43,72,82,86,89,103,110,126,136,158,185,279,327,376,413,452,502,591,637,719,806,935,999,1091,1177,1254,1310,1359,1402,1449,1522,1554,1606,1657,1687,1712,1726,4,2,1738,1863,1906,1944,1973,1983,1983,2032,2033,2135,2237,2300,2315,2325
Veneto Venezia,255,0,7,8,14,15,19,24,48,48,59,73,85,100,126,130,152,179,205,248,282,328,356,378,426,475,574,666,732,799,837,874,920,955,1019,1067,1107,1170,1231,1293,1321,1362,1425,1487,3,2,1543,1630,1751,1780,1883,1957,1983,2008,2013,2036,2096,2116,2143,2177
Veneto Verona,256,0,0,0,0,0,0,2,8,17,21,25,42,52,63,73,96,110,150,210,275,335,425,481,626,686,784,954,1046,1099,1228,1304,1402,1645,1754,1876,1982,2112,2287,2405,2488,2547,2688,2755,3,6,2856,2920,3049,3257,3402,3495,3547,3572,3649,3730,3805,3880,3974,3998
Veneto Vicenza,257,0,0,0,3,3,3,3,3,5,10,19,24,37,50,53,73,92,122,141,164,235,287,325,393,424,518,572,631,691,744,824,899,966,1036,1104,1168,1242,1327,1434,1514,1608,1647,1704,2,2,1734,1782,1885,1953,2009,2055,2080,2089,2136,2170,2200,2296,2339,2379