AreaName,AreaID,15_4_2020,16_4_2020,17_4_2020,18_4_2020,19_4_2020,20_4_2020,21_4_2020,22_4_2020,23_4_2020,24_4_2020,25_4_2020,26_4_2020,27_4_2020,28_4_2020,29_4_2020,30_4_2020,1_5_2020,2_5_2020,3_5_2020,4_5_2020,5_5_2020,6_5_2020,7_5_2020,8_5_2020,9_5_2020,10_5_2020,11_5_2020,12_5_2020,13_5_2020,14_5_2020,15_5_2020,16_5_2020,17_5_2020,18_5_2020,19_5_2020,20_5_2020,21_5_2020,22_5_2020,quadrant,clus,23_5_2020,24_5_2020,25_5_2020,26_5_2020,27_5_2020,28_5_2020,29_5_2020,30_5_2020,31_5_2020
York,1,160,170,182,186,192,200,210,223,233,242,250,257,270,279,298,310,313,321,331,345,368,377,390,394,401,408,421,427,429,432,437,438,439,441,444,445,447,449,7,3,,,,,,,,,
Kent,2,2200,2366,2548,2650,2719,2835,2961,3088,3172,3283,3360,3415,3489,3590,3679,3750,3802,3857,3890,3946,4025,4088,4132,4140,4214,4239,4293,4349,4403,4437,4441,4513,4552,4610,4700,4748,4761,4764,44,1,,,,,,,,,
Hertfordshire,3,1766,1824,1872,1910,1943,1990,2043,2093,2127,2166,2191,2209,2251,2304,2367,2400,2448,2472,2490,2529,2559,2580,2587,2589,2666,2672,2699,2719,2725,2727,2728,2773,2780,2801,2818,2828,2832,2834,31,6,,,,,,,,,
Devon,4,493,513,544,558,565,583,597,606,632,644,651,658,683,692,715,722,734,738,749,753,756,766,770,773,777,783,787,788,792,794,795,795,795,800,806,808,808,809,19,5,,,,,,,,,
Barnsley,5,452,461,476,485,508,526,540,561,579,587,608,621,638,660,674,684,699,717,732,744,751,754,757,757,787,796,804,813,815,819,837,893,898,899,904,905,906,910,19,5,,,,,,,,,
Brighton and Hove,6,281,292,307,319,327,335,342,343,348,350,354,358,359,371,376,380,386,386,388,392,399,399,399,399,399,401,403,404,405,406,407,409,410,411,413,417,419,420,7,3,,,,,,,,,
Lewisham,7,771,786,813,819,826,840,866,870,874,884,889,893,901,913,917,924,929,933,938,942,946,949,951,952,958,960,962,964,968,968,968,971,972,974,978,979,979,979,26,2,,,,,,,,,
Worcestershire,8,827,862,912,945,960,991,1013,1041,1060,1074,1087,1107,1126,1143,1160,1173,1186,1203,1210,1218,1234,1249,1258,1260,1286,1291,1302,1310,1319,1321,1321,1344,1347,1351,1366,1368,1368,1369,49,2,,,,,,,,,
Ealing,9,891,907,924,937,948,967,981,990,1000,1014,1022,1027,1036,1050,1068,1074,1086,1102,1105,1110,1113,1123,1136,1136,1144,1144,1150,1154,1168,1180,1181,1183,1184,1188,1189,1191,1191,1192,42,2,,,,,,,,,
Barnet,10,1054,1067,1081,1094,1103,1113,1137,1143,1154,1164,1171,1176,1182,1196,1208,1217,1221,1225,1229,1236,1241,1247,1250,1250,1256,1257,1260,1261,1270,1270,1271,873,874,878,880,880,880,880,49,2,,,,,,,,,
Enfield,11,654,672,702,712,719,744,758,768,780,801,819,822,826,828,834,836,840,844,845,848,853,854,855,855,862,862,863,864,866,869,869,641,642,643,644,645,645,645,35,5,,,,,,,,,
Hackney,12,542,548,557,562,567,579,581,587,593,595,596,598,600,601,604,606,612,614,615,616,619,622,623,623,634,634,635,636,637,638,639,1327,1338,1350,1358,1367,1375,1377,11,5,,,,,,,,,
Nottinghamshire,13,816,851,892,905,916,940,953,969,1003,1027,1033,1039,1074,1096,1130,1151,1166,1178,1182,1190,1198,1203,1212,1218,1235,1247,1262,1273,1283,1290,1299,1381,1391,1402,1416,1419,1428,1428,49,2,,,,,,,,,
Warwickshire,14,792,830,856,898,929,956,980,1013,1033,1067,1097,1113,1142,1165,1188,1205,1219,1244,1254,1264,1289,1302,1308,1309,1328,1336,1349,1356,1362,1369,1370,746,746,749,750,755,755,756,42,2,,,,,,,,,
Redbridge,15,575,588,595,599,606,621,631,642,648,650,655,656,663,670,674,690,694,696,698,704,723,726,732,732,742,744,744,745,745,745,746,457,457,457,458,458,458,458,28,5,,,,,,,,,
Islington,16,359,365,376,379,379,389,391,393,399,402,403,406,409,411,413,418,422,423,426,428,429,429,430,431,449,449,449,450,452,452,454,507,507,507,508,508,508,508,14,3,,,,,,,,,
Milton Keynes,17,361,377,390,395,402,407,416,426,432,437,441,444,450,451,466,479,480,481,485,489,493,496,498,498,497,498,503,503,505,506,506,1294,1294,1298,1303,1306,1307,1309,4,5,,,,,,,,,
West Sussex,18,789,838,879,906,924,949,977,996,1026,1053,1071,1085,1095,1127,1152,1174,1187,1198,1206,1219,1224,1226,1228,1228,1245,1255,1265,1269,1270,1273,1274,2836,2839,2857,2873,2887,2896,2896,9,2,,,,,,,,,
Surrey,19,1961,2032,2094,2141,2180,2243,2315,2362,2413,2464,2492,2508,2535,2567,2595,2622,2648,2668,2684,2703,2729,2740,2753,2755,2768,2779,2792,2800,2807,2811,2811,1578,1596,1623,1633,1639,1643,1654,39,6,,,,,,,,,
Derbyshire,20,872,900,938,945,972,995,1033,1049,1074,1115,1166,1228,1267,1297,1319,1326,1340,1350,1357,1379,1399,1412,1423,1426,1490,1500,1511,1524,1530,1538,1546,1261,1261,1262,1263,1263,1263,1263,49,2,,,,,,,,,
Southwark,21,1052,1072,1087,1104,1108,1119,1135,1139,1151,1160,1161,1165,1178,1183,1197,1207,1213,1215,1217,1222,1227,1230,1231,1231,1242,1246,1250,1251,1252,1252,1252,1347,1352,1353,1355,1358,1362,1363,49,2,,,,,,,,,
Gloucestershire,22,841,898,924,956,985,1006,1040,1063,1099,1128,1141,1148,1181,1204,1221,1234,1255,1262,1273,1293,1310,1320,1327,1327,1330,1330,1335,1336,1342,1344,1345,1157,1168,1186,1209,1222,1240,1253,49,2,,,,,,,,,
Leicestershire,23,620,666,700,716,736,766,796,818,832,853,871,875,898,923,944,961,973,980,986,999,1013,1033,1047,1056,1069,1075,1090,1106,1122,1129,1139,3169,3181,3197,3238,3251,3265,3276,1,2,,,,,,,,,
Hampshire,24,1992,2068,2154,2213,2263,2346,2411,2475,2539,2593,2633,2660,2705,2750,2789,2843,2886,2904,2925,2949,2970,2987,3006,3019,3031,3048,3080,3110,3128,3139,3157,486,487,487,487,488,490,490,39,6,,,,,,,,,
Kensington and Chelsea,25,393,402,410,416,416,422,428,445,450,450,454,455,459,462,462,466,470,472,473,474,475,476,480,481,484,484,484,486,486,486,486,432,435,439,440,442,442,442,14,5,,,,,,,,,
Wokingham,26,238,255,282,286,294,302,317,342,346,355,363,368,371,373,380,390,399,404,407,407,408,409,412,412,418,420,422,425,425,429,429,737,739,744,749,752,753,754,7,5,,,,,,,,,
Medway,27,455,471,496,512,524,543,559,568,582,597,602,608,613,624,632,639,647,655,655,668,673,689,694,695,703,709,714,726,731,733,733,3107,3114,3126,3137,3150,3154,3157,2,2,,,,,,,,,
Essex,28,1840,1893,1938,1978,2006,2075,2151,2212,2273,2364,2440,2489,2561,2601,2647,2683,2735,2762,2781,2817,2838,2853,2859,2872,2984,2996,3024,3039,3053,3063,3064,717,721,723,724,725,726,726,39,6,,,,,,,,,
Hounslow,29,545,555,566,576,587,598,609,614,620,626,633,633,637,641,649,666,672,676,678,691,692,695,700,703,710,710,711,713,714,716,716,1442,1444,1447,1455,1460,1461,1462,3,5,,,,,,,,,
Brent,30,1153,1187,1216,1240,1254,1270,1285,1294,1309,1319,1325,1329,1334,1344,1353,1365,1380,1386,1389,1391,1395,1403,1406,1408,1426,1426,1431,1436,1439,1444,1444,1273,1276,1278,1282,1282,1283,1284,41,2,,,,,,,,,
Leeds,31,822,873,923,956,989,1032,1104,1153,1199,1268,1293,1314,1358,1398,1433,1454,1482,1508,1518,1538,1565,1587,1624,1635,1654,1665,1674,1690,1707,1719,1722,1739,1752,1756,1762,1769,1790,1793,17,2,,,,,,,,,
Wigan,32,499,532,571,597,616,647,673,695,726,749,761,781,805,832,845,854,875,889,898,908,947,962,975,975,1017,1035,1069,1077,1088,1089,1089,1120,1124,1130,1134,1150,1151,1151,3,2,,,,,,,,,
Nottingham,33,350,365,385,388,398,416,436,457,470,487,488,488,506,513,519,525,538,542,542,551,563,563,568,570,571,571,574,579,586,587,588,587,589,591,594,595,598,600,21,5,,,,,,,,,
East Riding of Yorkshire,34,311,332,345,357,378,405,428,442,463,489,511,531,558,581,614,642,661,670,680,696,712,725,736,739,755,759,770,783,795,810,814,828,845,857,869,874,877,877,4,5,,,,,,,,,
Northamptonshire,35,841,868,883,908,939,954,964,974,986,998,999,1009,1024,1037,1052,1064,1075,1084,1087,1099,1106,1121,1125,1128,1168,1184,1219,1235,1254,1272,1280,1320,1338,1359,1371,1385,1396,1406,42,2,,,,,,,,,
Kingston upon Thames,36,351,370,379,391,393,402,411,419,424,429,433,436,444,446,452,464,470,475,477,480,481,483,484,484,486,487,495,499,501,505,505,513,513,513,513,515,516,516,14,5,,,,,,,,,
Sheffield,37,1587,1634,1672,1731,1773,1837,1877,1920,1939,1982,2036,2074,2122,2148,2187,2223,2240,2270,2299,2314,2335,2340,2348,2353,2407,2420,2438,2449,2458,2459,2464,2490,2494,2498,2505,2511,2511,2513,39,6,,,,,,,,,
Lancashire,38,1952,2041,2123,2198,2247,2321,2400,2487,2564,2630,2670,2711,2757,2805,2847,2912,2962,2982,3021,3060,3097,3127,3139,3140,3218,3236,3274,3303,3318,3339,3340,3381,3405,3427,3456,3481,3502,3506,38,6,,,,,,,,,
Buckinghamshire,39,592,620,649,667,683,695,712,733,744,767,786,795,810,831,836,842,851,860,865,875,879,885,886,886,895,902,911,916,930,932,933,957,961,965,969,975,982,983,35,2,,,,,,,,,
Westminster,40,544,554,560,563,566,569,572,573,579,584,586,587,593,599,607,625,629,633,633,634,636,637,637,637,642,643,645,646,646,647,647,645,646,647,647,648,650,650,28,5,,,,,,,,,
Wandsworth,41,813,832,850,861,865,874,880,884,890,895,901,905,911,919,926,936,943,946,948,950,953,953,956,956,966,971,972,978,980,983,983,986,987,990,992,993,993,993,42,2,,,,,,,,,
Merton,42,560,574,590,596,602,613,622,624,629,635,640,641,644,650,654,657,660,662,662,665,667,674,674,674,671,673,674,678,680,682,682,684,685,688,690,691,692,692,28,5,,,,,,,,,
Bromley,43,865,890,912,924,933,947,957,966,993,1010,1016,1022,1034,1044,1074,1091,1099,1110,1119,1132,1144,1162,1165,1165,1199,1208,1214,1233,1240,1243,1243,1259,1260,1263,1266,1270,1270,1272,42,2,,,,,,,,,
Barking and Dagenham,44,379,389,398,403,414,422,433,438,441,443,446,447,450,452,454,454,459,460,462,465,469,471,476,476,481,482,483,484,486,487,487,490,491,492,493,495,496,496,14,5,,,,,,,,,
Bradford,45,521,537,569,589,596,617,642,676,700,747,775,793,825,852,902,928,957,975,996,1023,1037,1062,1080,1092,1107,1113,1128,1153,1167,1190,1200,1212,1226,1235,1251,1256,1268,1272,18,2,,,,,,,,,
Walsall,46,649,672,706,718,728,763,800,820,837,882,904,921,947,975,985,1006,1029,1030,1034,1037,1052,1054,1054,1054,1066,1069,1072,1080,1084,1084,1086,1097,1103,1110,1115,1119,1121,1122,26,2,,,,,,,,,
Birmingham,47,2156,2237,2330,2389,2440,2494,2558,2621,2674,2720,2757,2789,2809,2835,2880,2915,2937,2957,2983,3010,3060,3082,3102,3103,3166,3184,3214,3240,3262,3275,3275,3323,3329,3352,3380,3394,3402,3402,38,6,,,,,,,,,
Wirral,48,732,758,788,807,833,848,872,900,923,946,958,970,987,1003,1019,1027,1044,1057,1070,1079,1093,1104,1116,1119,1131,1139,1154,1161,1170,1176,1177,1189,1200,1205,1218,1228,1232,1233,42,2,,,,,,,,,
Stockport,49,598,618,639,662,677,698,711,736,756,775,790,802,816,831,852,879,891,899,912,924,939,947,955,957,964,973,982,993,1000,1007,1007,1014,1024,1027,1033,1038,1039,1040,35,2,,,,,,,,,
Bury,50,387,402,433,450,458,480,487,497,516,536,544,549,565,581,589,600,605,609,617,627,631,633,638,639,646,647,651,652,660,664,664,680,685,693,712,718,725,725,12,5,,,,,,,,,
Bolton,51,540,563,589,606,629,649,676,711,731,745,755,762,769,794,809,822,839,849,851,863,875,883,890,890,904,913,923,930,935,938,940,963,969,979,989,994,998,999,35,5,,,,,,,,,
Wiltshire,52,303,317,326,336,346,356,369,377,390,397,400,410,415,426,442,448,454,466,472,472,475,479,484,484,490,492,498,500,500,501,503,509,510,513,516,521,521,523,6,5,,,,,,,,,
"Kingston upon Hull, City of",53,222,232,247,271,288,312,323,349,365,389,406,414,428,437,472,501,514,520,530,555,567,573,583,587,597,606,621,630,634,644,646,659,666,674,682,685,688,689,5,5,,,,,,,,,
Staffordshire,54,1135,1188,1235,1282,1324,1377,1432,1491,1546,1594,1621,1645,1681,1722,1754,1785,1805,1845,1858,1879,1912,1940,1954,1961,1979,1991,2014,2035,2047,2060,2071,2099,2106,2120,2140,2161,2172,2182,32,6,,,,,,,,,
Oxfordshire,55,1129,1177,1224,1258,1288,1324,1348,1382,1426,1469,1495,1518,1539,1554,1566,1599,1620,1635,1637,1665,1720,1736,1740,1741,1811,1838,1867,1890,1929,1946,1947,1972,1976,1994,2004,2021,2032,2032,40,6,,,,,,,,,
Hillingdon,56,585,599,618,634,644,665,677,688,694,702,704,708,715,722,727,730,734,738,740,744,749,750,756,756,762,762,762,763,765,769,769,773,774,774,775,775,775,775,27,5,,,,,,,,,
Camden,57,489,499,509,523,528,535,541,549,558,562,565,566,567,571,574,582,587,588,588,588,591,595,597,597,607,608,613,613,615,616,617,619,619,620,621,624,626,626,20,5,,,,,,,,,
Newcastle upon Tyne,58,675,696,713,730,747,764,782,800,810,830,841,852,865,888,900,935,940,946,949,961,974,978,989,991,1009,1012,1014,1016,1018,1021,1022,1024,1027,1029,1033,1037,1040,1040,26,2,,,,,,,,,
Rotherham,59,471,485,506,528,546,565,584,606,626,649,662,671,700,715,735,751,761,774,780,786,797,797,804,805,826,829,838,846,848,848,851,875,885,896,908,913,915,919,19,5,,,,,,,,,
Liverpool,60,1080,1124,1159,1178,1199,1229,1257,1278,1299,1327,1350,1364,1388,1409,1432,1453,1472,1482,1491,1501,1502,1505,1507,1508,1506,1509,1513,1521,1532,1543,1549,1560,1565,1569,1577,1583,1589,1591,33,2,,,,,,,,,
Trafford,61,447,465,476,490,498,514,537,550,559,571,579,587,597,605,616,628,637,644,648,657,666,672,678,682,692,693,705,721,731,735,737,752,756,773,785,788,791,791,28,5,,,,,,,,,
Oldham,62,551,577,597,621,645,666,686,708,726,736,745,753,763,774,794,807,833,847,858,883,901,914,939,939,958,962,971,981,989,997,997,1010,1015,1023,1029,1043,1053,1053,35,2,,,,,,,,,
Cornwall and Isles of Scilly,63,358,383,397,410,416,424,435,439,452,459,465,473,484,485,499,503,506,510,519,523,529,531,533,539,546,550,553,555,556,556,557,560,561,564,567,569,571,573,13,5,,,,,,,,,
Cheshire West and Chester,64,522,542,574,587,605,623,663,676,702,721,737,747,772,806,820,839,861,869,879,891,896,904,912,914,929,933,954,970,979,989,989,1015,1026,1045,1065,1075,1076,1078,3,2,,,,,,,,,
Torbay,65,110,111,127,130,152,162,168,177,182,182,199,199,200,202,202,203,204,206,209,209,209,209,210,210,218,218,219,220,221,221,221,221,221,221,221,221,221,221,7,3,,,,,,,,,
North Yorkshire,66,586,610,630,648,662,701,729,751,779,821,839,869,904,933,969,1003,1025,1043,1059,1088,1121,1147,1161,1170,1185,1190,1207,1225,1231,1243,1245,1249,1255,1258,1265,1267,1271,1273,10,2,,,,,,,,,
Lincolnshire,67,579,614,636,650,677,703,720,740,759,782,795,808,819,836,850,861,875,884,890,902,906,910,916,917,985,996,1005,1024,1032,1038,1040,1066,1066,1074,1077,1077,1077,1078,35,2,,,,,,,,,
Cumbria,68,1432,1469,1500,1523,1542,1580,1623,1661,1696,1738,1768,1782,1821,1849,1925,1969,1999,2012,2017,2028,2053,2068,2098,2104,2116,2118,2129,2131,2135,2139,2142,2147,2151,2158,2166,2174,2177,2192,47,6,,,,,,,,,
Cambridgeshire,69,498,528,554,562,578,599,623,654,680,695,706,722,737,765,788,815,847,858,870,892,910,916,917,917,968,983,1026,1036,1049,1050,1050,1071,1085,1094,1113,1120,1122,1123,3,2,,,,,,,,,
Lambeth,70,997,1015,1025,1036,1047,1061,1068,1080,1099,1110,1114,1116,1123,1131,1138,1146,1156,1156,1159,1162,1164,1167,1168,1168,1179,1180,1182,1184,1186,1186,1186,1192,1192,1193,1195,1198,1199,1200,49,2,,,,,,,,,
Harrow,71,737,753,771,783,796,809,832,845,856,868,878,883,897,905,933,939,944,949,951,966,976,982,994,995,1004,1005,1007,1007,1008,1012,1014,1017,1018,1020,1021,1025,1025,1025,26,2,,,,,,,,,
Manchester,72,880,895,910,939,958,991,1019,1043,1064,1093,1107,1124,1137,1160,1177,1194,1210,1224,1234,1250,1276,1301,1318,1326,1337,1352,1367,1384,1400,1407,1410,1443,1460,1476,1499,1516,1522,1524,49,2,,,,,,,,,
Bracknell Forest,73,159,164,170,175,177,182,185,192,198,202,203,207,212,215,218,219,219,223,226,227,228,229,230,230,234,234,235,235,235,235,235,238,240,240,247,251,253,253,7,3,,,,,,,,,
Swindon,74,240,256,267,273,287,304,312,324,334,341,345,348,350,362,367,370,377,387,390,391,395,397,406,407,412,419,423,426,429,431,433,437,440,442,446,447,447,447,7,3,,,,,,,,,
"Bristol, City of",75,419,447,461,474,486,507,521,542,557,573,578,582,592,604,612,618,631,633,637,648,654,661,665,670,672,673,681,682,682,687,687,687,687,689,690,693,693,694,20,5,,,,,,,,,
Tower Hamlets,76,538,548,550,555,561,570,578,583,588,589,593,597,599,600,602,604,605,607,609,610,610,611,611,612,617,618,623,624,624,624,624,626,627,628,629,630,630,631,28,5,,,,,,,,,
Sutton,77,562,581,596,599,606,616,625,637,648,657,659,663,665,667,677,681,684,699,700,702,707,707,707,707,721,721,722,723,723,723,723,726,726,728,729,731,731,732,28,5,,,,,,,,,
Hammersmith and Fulham,78,445,470,485,489,495,503,521,544,594,603,605,605,607,611,617,619,627,628,629,635,636,637,638,639,643,643,644,645,647,647,648,649,649,652,652,657,659,661,20,5,,,,,,,,,
Isle of Wight,79,60,68,69,72,73,73,79,83,93,102,103,103,107,116,124,125,137,143,144,148,149,151,155,155,156,157,158,161,168,171,177,178,178,185,187,189,191,194,7,3,,,,,,,,,
Southampton,80,311,325,345,360,365,382,398,413,427,434,438,441,450,458,468,483,490,495,503,515,519,523,529,535,539,542,549,556,561,563,563,563,565,569,571,574,575,577,13,5,,,,,,,,,
Southend-on-Sea,81,251,254,255,256,261,268,273,278,282,286,290,294,296,297,301,305,310,317,318,330,332,333,333,334,346,348,350,352,353,353,353,361,361,365,365,365,365,365,7,3,,,,,,,,,
Luton,82,466,470,494,527,528,537,548,563,575,586,605,605,624,625,626,626,640,644,644,660,664,665,666,666,667,667,667,668,668,668,668,676,685,699,716,722,722,722,28,5,,,,,,,,,
Waltham Forest,83,620,627,633,646,657,670,677,684,690,699,706,709,715,717,719,725,729,729,729,736,739,742,744,745,750,751,751,752,754,754,754,755,756,756,760,760,761,761,27,5,,,,,,,,,
Wolverhampton,84,531,557,584,600,612,634,654,692,708,744,762,776,800,812,848,856,882,883,890,908,915,918,930,934,946,948,954,957,959,959,959,975,979,982,983,988,998,1004,35,2,,,,,,,,,
Coventry,85,491,507,527,539,544,569,592,602,622,631,646,648,652,656,668,674,694,708,721,725,737,742,745,746,762,767,768,774,777,779,779,784,785,788,794,796,802,802,28,5,,,,,,,,,
North Tyneside,86,357,367,379,396,400,407,413,428,437,446,448,450,458,461,468,484,493,493,495,496,505,510,513,516,530,533,537,537,545,551,551,555,556,556,558,563,563,564,13,5,,,,,,,,,
"Bournemouth, Christchurch and Poole",87,295,321,334,346,354,363,375,381,388,395,397,402,404,408,415,422,433,436,440,441,442,444,444,444,454,456,459,461,461,462,463,464,465,465,469,471,475,475,7,3,,,,,,,,,
Somerset,88,283,314,348,361,369,391,410,426,437,450,459,462,476,486,507,521,530,538,541,554,557,558,562,564,575,586,594,599,608,618,620,628,630,637,640,655,662,669,5,5,,,,,,,,,
Richmond upon Thames,89,315,326,331,334,343,348,350,352,353,356,358,358,361,364,374,382,385,386,387,387,390,390,393,393,394,394,397,398,402,403,403,406,406,406,406,406,407,407,7,3,,,,,,,,,
Havering,90,528,547,555,564,574,585,591,601,609,616,621,622,630,632,634,638,655,659,661,670,675,677,677,677,679,680,682,683,683,684,686,690,692,693,694,699,703,705,28,5,,,,,,,,,
Tameside,91,353,369,380,388,394,402,414,423,428,438,443,454,459,460,470,478,491,493,506,515,526,531,535,535,549,558,576,586,599,615,617,633,642,653,667,679,683,683,5,5,,,,,,,,,
Windsor and Maidenhead,92,185,199,206,208,212,218,218,221,226,231,235,244,246,252,256,258,261,265,267,269,270,272,273,273,275,275,276,277,278,278,278,279,280,280,281,282,283,283,7,3,,,,,,,,,
Slough,93,298,306,316,324,330,337,342,349,354,362,366,372,378,384,388,397,414,419,422,426,430,432,432,432,434,437,439,441,441,444,444,446,446,449,449,449,449,449,7,3,,,,,,,,,
"Herefordshire, County of",94,132,137,143,153,159,173,184,204,217,247,250,265,289,300,302,305,314,321,325,333,340,350,365,390,403,403,408,413,413,414,418,422,422,425,431,433,436,437,7,3,,,,,,,,,
Derby,95,393,397,408,411,415,424,427,438,446,453,461,483,489,494,503,504,510,512,515,518,520,520,521,521,539,543,547,552,554,555,556,565,568,570,572,573,575,579,13,5,,,,,,,,,
North Lincolnshire,96,168,180,199,211,218,235,249,267,290,310,315,332,341,354,361,375,393,398,408,414,415,421,425,426,438,441,452,467,476,481,484,495,498,499,503,503,503,503,7,3,,,,,,,,,
Darlington,97,170,175,181,189,194,207,217,223,231,239,244,246,267,273,284,291,297,303,303,317,321,325,326,326,336,339,343,349,350,351,351,353,354,358,361,366,367,368,7,3,,,,,,,,,
Suffolk,98,604,656,687,749,781,839,860,887,928,974,1007,1032,1057,1081,1100,1125,1174,1187,1200,1239,1254,1264,1278,1281,1303,1310,1336,1346,1352,1355,1355,1380,1384,1412,1425,1431,1445,1445,1,2,,,,,,,,,
Greenwich,99,546,555,564,570,574,584,590,600,605,616,618,620,623,628,635,640,648,651,651,655,657,659,663,663,674,674,675,679,681,682,683,684,685,687,691,691,693,693,28,5,,,,,,,,,
Croydon,100,1147,1178,1197,1222,1229,1255,1270,1288,1311,1325,1333,1342,1360,1378,1386,1407,1415,1427,1432,1443,1447,1451,1454,1454,1461,1462,1468,1472,1474,1478,1478,1489,1491,1492,1493,1495,1495,1495,33,2,,,,,,,,,
Dudley,101,521,557,577,604,616,633,649,656,674,688,709,715,719,738,764,783,815,840,848,859,864,869,870,872,881,884,888,891,893,900,900,915,918,926,935,936,937,937,27,5,,,,,,,,,
Sunderland,102,820,844,882,915,943,998,1019,1034,1054,1075,1091,1098,1114,1135,1161,1186,1208,1215,1222,1249,1263,1272,1284,1289,1322,1326,1333,1339,1344,1348,1351,1357,1359,1363,1365,1367,1369,1369,49,2,,,,,,,,,
Shropshire,103,302,317,338,346,358,368,396,405,424,442,453,464,476,498,508,516,522,538,549,567,579,588,604,610,642,651,663,676,691,699,709,728,737,746,762,772,779,784,5,5,,,,,,,,,
West Berkshire,104,207,224,234,248,254,270,282,288,297,300,307,310,314,317,328,333,335,336,336,340,342,343,343,343,347,348,352,353,356,356,356,359,359,364,368,369,372,372,7,3,,,,,,,,,
Haringey,105,482,486,491,494,507,511,518,522,525,531,537,539,542,545,550,552,558,560,560,561,564,565,565,566,577,580,581,582,583,584,584,593,593,593,593,593,593,594,21,5,,,,,,,,,
Reading,106,318,346,365,370,376,393,414,428,437,448,457,460,473,486,499,504,509,512,520,526,530,536,536,536,543,546,547,551,556,558,558,566,567,569,574,576,578,578,13,5,,,,,,,,,
South Gloucestershire,107,251,257,264,273,280,296,306,311,314,323,334,336,342,343,345,351,354,359,363,366,369,372,381,384,387,389,394,396,396,396,398,398,398,399,399,399,399,399,7,3,,,,,,,,,
Newham,108,837,850,864,872,878,887,899,912,920,928,934,936,940,942,947,956,956,957,959,965,969,975,981,981,986,986,988,988,989,991,992,994,997,997,997,997,998,998,42,2,,,,,,,,,
Bexley,109,485,506,517,526,544,555,561,574,578,586,595,598,605,614,619,630,638,642,645,651,653,663,666,666,671,673,677,681,685,687,688,693,695,701,702,703,705,706,28,5,,,,,,,,,
Kirklees,110,398,417,428,440,451,458,470,481,491,519,526,529,547,557,568,581,608,615,620,630,638,642,650,651,654,661,667,670,678,681,683,690,692,699,706,718,728,731,12,5,,,,,,,,,
Sefton,111,619,637,662,674,686,701,719,738,743,753,765,774,784,797,812,828,834,839,844,849,851,855,858,858,862,870,874,879,887,889,889,891,892,898,902,909,910,910,35,5,,,,,,,,,
Rochdale,112,414,426,442,452,466,492,509,525,536,548,552,556,566,580,587,593,601,605,609,622,638,645,657,658,670,673,676,687,698,706,706,730,734,744,752,758,760,760,20,5,,,,,,,,,
County Durham,113,855,893,929,975,1002,1052,1097,1134,1185,1226,1259,1276,1305,1361,1425,1471,1515,1548,1561,1602,1636,1660,1674,1682,1727,1747,1773,1790,1800,1818,1821,1861,1873,1887,1901,1915,1933,1936,8,2,,,,,,,,,
Portsmouth,114,217,223,231,236,237,238,244,260,262,268,270,275,282,284,284,286,293,295,296,297,299,307,308,308,308,310,310,310,311,311,312,312,312,313,313,314,314,315,7,3,,,,,,,,,
North Somerset,115,145,148,166,172,174,178,185,194,202,208,211,212,221,233,241,250,257,258,264,275,278,292,298,299,308,316,324,327,335,339,345,355,362,374,379,395,400,406,7,3,,,,,,,,,
Warrington,116,417,443,456,467,474,494,518,531,554,562,572,579,594,610,621,638,645,650,653,663,667,677,681,681,685,688,692,701,707,716,718,732,735,741,748,749,751,751,4,5,,,,,,,,,
Stockton-on-Tees,117,253,261,263,269,278,294,305,320,330,335,338,347,353,374,380,389,400,404,412,423,431,433,435,435,471,481,485,495,502,502,502,524,526,539,551,557,559,561,7,3,,,,,,,,,
Norfolk,118,897,944,999,1039,1093,1134,1177,1246,1303,1350,1381,1402,1454,1512,1558,1610,1648,1679,1724,1764,1805,1850,1873,1898,1917,1930,1936,1980,1999,2004,2007,2032,2042,2060,2089,2108,2121,2122,8,6,,,,,,,,,
Calderdale,119,179,184,192,196,198,202,208,215,220,225,229,233,236,242,243,250,256,257,257,260,269,269,274,274,274,275,277,278,278,282,283,283,284,285,288,290,290,290,7,3,,,,,,,,,
Doncaster,120,281,302,321,339,346,360,368,385,405,441,447,465,473,482,511,533,563,576,589,590,590,590,591,591,635,646,662,663,665,665,668,720,731,736,737,741,741,741,5,5,,,,,,,,,
Salford,121,525,556,580,600,616,631,655,674,694,710,721,735,748,767,783,796,816,826,836,843,854,858,864,864,875,877,878,882,887,888,891,897,900,903,909,915,917,917,27,5,,,,,,,,,
Dorset,122,230,234,243,251,257,264,269,277,293,294,300,302,306,311,316,319,330,336,338,342,343,343,343,344,349,349,349,349,351,352,352,352,353,354,355,358,358,358,7,3,,,,,,,,,
Central Bedfordshire,123,358,365,387,398,400,411,431,444,457,468,483,486,502,506,513,517,524,532,533,545,546,549,549,549,565,568,572,574,576,576,576,593,598,610,618,620,620,620,21,5,,,,,,,,,
Cheshire East,124,542,575,605,629,650,671,692,714,748,776,803,815,840,857,876,901,915,934,942,960,979,1005,1019,1021,1036,1041,1055,1068,1078,1092,1093,1120,1127,1141,1156,1174,1183,1186,18,2,,,,,,,,,
Thurrock,125,218,227,231,235,236,242,251,260,264,266,268,271,276,278,283,290,294,295,295,296,296,297,297,297,304,305,307,309,309,310,313,321,322,322,323,324,324,324,7,3,,,,,,,,,
Plymouth,126,189,193,200,202,215,224,240,257,264,267,270,273,276,285,289,291,299,300,306,308,317,328,334,334,334,337,339,341,342,343,345,346,348,351,353,354,354,355,7,3,,,,,,,,,
Telford and Wrekin,127,151,157,167,184,188,198,204,219,231,234,242,248,254,261,269,278,283,286,291,296,303,310,311,311,316,317,326,331,334,336,339,344,346,348,351,356,358,359,7,3,,,,,,,,,
Blackpool,128,210,226,246,269,290,311,333,349,370,388,399,411,428,443,455,467,474,476,481,489,495,503,503,503,519,522,531,534,539,543,544,549,552,559,571,587,600,602,6,5,,,,,,,,,
Redcar and Cleveland,129,206,212,218,222,230,238,256,268,277,288,293,295,304,313,320,326,332,332,337,345,350,358,366,366,370,377,377,380,385,386,386,387,389,395,401,401,404,404,7,3,,,,,,,,,
East Sussex,130,404,418,438,452,465,475,495,504,512,519,528,544,547,568,581,592,597,603,616,624,635,643,646,647,646,647,650,652,657,661,663,663,666,668,671,674,675,687,20,5,,,,,,,,,
Wakefield,131,382,393,405,418,425,437,447,463,470,479,485,496,511,521,527,546,556,565,572,577,593,598,615,624,628,634,644,656,660,672,676,685,695,702,709,712,720,722,12,5,,,,,,,,,
Solihull,132,416,427,437,448,455,478,489,504,536,541,544,553,563,568,573,579,584,588,591,602,607,611,613,613,630,634,636,638,642,648,648,653,654,657,659,662,664,664,20,5,,,,,,,,,
Sandwell,133,697,730,755,776,797,827,851,864,882,913,925,937,959,994,1021,1033,1041,1049,1057,1068,1084,1095,1101,1101,1117,1120,1141,1148,1155,1158,1159,1202,1209,1241,1271,1280,1292,1293,34,2,,,,,,,,,
St. Helens,134,450,473,495,504,507,521,551,562,587,607,618,620,635,652,657,665,677,683,684,685,688,693,696,696,697,699,709,714,720,724,725,734,740,743,747,747,747,747,28,5,,,,,,,,,
Bath and North East Somerset,135,158,162,168,172,182,183,187,192,198,203,203,206,208,210,211,212,215,217,219,219,220,220,222,222,223,224,225,225,226,227,227,228,230,230,230,230,230,232,7,3,,,,,,,,,
Leicester,136,447,457,468,483,506,534,550,571,587,603,616,617,638,660,673,685,691,694,700,721,726,743,751,757,765,775,784,789,796,800,811,827,831,836,840,849,855,859,28,5,,,,,,,,,
Gateshead,137,538,552,572,597,613,627,658,675,718,742,749,752,772,796,832,854,872,877,882,914,928,944,965,966,970,971,975,979,980,980,982,982,984,987,989,991,993,993,35,2,,,,,,,,,
Knowsley,138,376,396,422,428,435,455,466,476,496,506,514,519,531,545,560,572,579,584,588,595,607,614,615,619,613,614,627,630,637,640,640,645,649,653,658,658,658,658,21,5,,,,,,,,,
Stoke-on-Trent,139,254,265,281,293,304,320,340,353,375,396,408,416,433,457,469,490,507,523,533,547,564,589,607,614,621,627,636,654,660,673,686,696,701,704,714,725,730,739,5,5,,,,,,,,,
Halton,140,246,256,266,272,281,288,293,297,302,307,308,308,314,318,325,331,333,335,337,339,341,342,344,347,348,348,352,355,359,360,360,372,376,380,386,387,387,387,7,3,,,,,,,,,
Northumberland,141,539,556,581,605,625,648,671,684,693,714,727,730,741,756,774,793,809,810,816,826,834,853,862,865,872,874,898,903,906,910,913,917,919,919,920,922,927,927,27,5,,,,,,,,,
Bedford,142,300,317,334,345,348,355,375,384,413,425,430,435,445,456,470,485,487,492,497,500,501,501,501,501,533,536,538,547,549,549,549,582,589,597,607,611,611,611,14,5,,,,,,,,,
Blackburn with Darwen,143,216,227,232,246,251,259,267,275,286,294,300,303,308,312,322,330,337,339,340,346,351,359,364,364,370,371,375,379,381,384,384,393,395,399,401,401,406,406,7,3,,,,,,,,,
Peterborough,144,128,140,151,152,156,166,182,191,200,207,212,224,232,247,254,262,272,275,282,289,294,295,295,295,343,347,355,363,368,368,368,378,383,385,389,394,394,394,7,3,,,,,,,,,
Middlesbrough,145,352,364,382,404,414,430,448,470,480,489,502,507,529,549,552,564,577,582,587,598,614,618,624,624,630,632,632,633,633,633,634,638,642,651,655,658,664,665,21,5,,,,,,,,,
South Tyneside,146,303,333,357,370,377,402,420,439,455,484,496,502,528,548,561,586,597,602,611,620,630,641,646,657,665,673,678,699,710,710,713,717,723,726,726,730,730,730,12,5,,,,,,,,,
Hartlepool,147,107,112,112,123,126,133,141,150,169,178,181,188,194,201,212,216,219,222,223,229,230,230,230,230,267,273,278,289,295,295,295,310,310,319,320,320,322,322,7,3,,,,,,,,,
North East Lincolnshire,148,90,91,100,102,103,107,109,116,125,128,130,130,133,135,135,135,136,137,137,137,138,138,139,139,141,144,145,145,145,146,146,148,149,149,150,150,150,150,7,3,,,,,,,,,
City of London,149,13,13,13,13,13,15,16,16,16,16,16,16,16,16,16,16,16,16,16,16,16,16,16,16,16,16,16,16,17,17,17,17,17,17,17,17,17,17,7,3,,,,,,,,,
Rutland,150,12,13,13,13,13,13,13,18,19,20,20,20,20,20,20,20,21,22,22,23,24,24,25,25,26,27,28,29,32,32,32,32,33,33,33,33,33,33,7,3,,,,,,,,,
Abruzzo Chieti,151,280,292,299,310,317,325,327,343,361,369,392,441,452,465,469,469,499,553,566,571,606,613,648,677,687,706,723,723,751,757,757,760,764,765,766,767,764,767,5,5,769,769,772,772,778,778,778,783,802
Abruzzo L'Aquila,152,123,128,140,166,174,179,183,189,197,199,213,218,220,220,228,229,232,233,233,237,237,238,238,241,241,240,241,242,244,244,243,243,243,243,242,242,242,243,7,3,243,243,243,243,244,244,246,246,246
Abruzzo Pescara,153,622,631,646,669,700,727,728,756,771,805,838,869,889,930,947,971,1005,1042,1071,1094,1143,1190,1215,1236,1244,1253,1260,1274,1270,1285,1292,1307,1316,1347,1351,1375,1400,1421,2,2,1423,1430,1444,1448,1448,1460,1467,1474,1483
Abruzzo Teramo,154,376,385,412,418,437,472,483,511,530,558,571,592,595,598,601,605,610,615,617,619,626,626,629,631,631,633,635,635,634,637,638,638,641,641,641,641,641,641,20,5,643,644,644,644,645,645,645,645,647
Basilicata Matera,155,104,114,118,124,125,136,143,144,145,146,147,151,153,155,155,155,169,170,172,174,174,177,181,183,185,186,188,188,188,188,189,190,192,198,198,200,202,202,7,3,202,202,204,205,206,206,206,206,206
Basilicata Potenza,156,122,123,128,137,139,142,144,147,152,157,161,161,162,164,164,165,167,167,167,168,168,173,173,173,175,175,178,178,178,178,178,188,188,188,188,196,197,181,7,3,180,180,181,181,181,183,183,183,184
P.A. Bolzano Bolzano,157,1371,1418,1479,1559,1592,1644,1722,1811,1835,1903,1955,1957,2098,2149,2184,2224,2267,2296,2325,2380,2394,2410,2416,2435,2456,2476,2481,2496,2498,2507,2518,2528,2535,2536,2541,2542,2543,2552,15,6,2558,2567,2569,2572,2572,2575,2578,2578,2578
Calabria Catanzaro,158,139,140,146,150,150,157,158,162,169,173,176,181,182,183,184,190,194,195,197,197,197,197,197,201,201,201,202,205,205,206,207,207,207,207,208,208,209,210,7,3,210,210,210,211,211,211,211,211,211
Calabria Cosenza,159,186,188,194,203,204,230,243,254,266,275,289,291,291,295,317,318,357,367,385,407,408,417,426,430,439,447,447,449,450,450,454,457,457,459,459,459,459,460,7,3,460,460,462,463,464,464,465,466,467
Calabria Crotone,160,93,94,94,106,106,109,111,112,113,113,113,113,117,117,117,117,117,117,117,117,117,117,117,117,117,117,117,117,117,118,118,118,118,118,118,118,118,118,7,3,118,118,118,118,118,118,118,118,118
Calabria Vibo Valentia,161,44,44,48,54,57,60,60,60,61,61,65,68,68,68,68,68,70,70,70,71,71,71,71,71,72,72,72,73,73,75,75,75,75,75,75,75,75,75,7,3,75,75,76,76,76,77,77,77,81
Campania Avellino,162,226,258,290,340,351,355,373,375,378,379,397,399,400,401,402,407,416,423,425,427,427,428,430,432,434,436,440,440,451,454,456,458,462,469,469,469,474,474,7,3,486,494,503,503,504,508,509,511,514
Campania Benevento,163,76,81,85,85,86,108,108,111,133,145,149,152,156,156,157,157,157,164,167,170,170,170,170,171,175,177,177,177,177,182,182,182,182,183,186,186,186,189,7,3,189,189,189,190,192,192,192,192,196
Campania Caserta,164,221,238,255,264,279,300,308,331,349,352,359,368,375,381,387,390,393,393,397,397,400,403,404,404,407,414,415,416,417,420,420,420,420,424,424,424,425,425,7,3,429,430,430,431,432,433,434,435,446
Campania Napoli,165,1053,1161,1279,1428,1498,1532,1568,1643,1668,1699,1772,1809,1871,1932,2010,2026,2072,2109,2130,2159,2181,2227,2263,2316,2334,2353,2375,2389,2405,2416,2423,2443,2454,2468,2473,2486,2501,2506,47,6,2514,2521,2525,2536,2541,2549,2551,2563,2568
Campania Salerno,166,341,360,385,400,426,437,462,468,489,499,513,533,536,541,557,564,587,599,602,607,622,633,637,640,643,645,651,652,656,659,661,662,662,662,662,662,664,664,12,5,664,665,667,667,667,668,671,671,672
Emilia-Romagna Bologna,167,1940,2084,2225,2339,2429,2521,2617,2656,2758,2856,2954,3075,3197,3292,3320,3380,3490,3619,3679,3740,3822,3865,3917,3971,4033,4102,4156,4191,4263,4352,4416,4458,4507,4550,4590,4619,4646,4685,37,1,4720,4751,4773,4784,4805,4826,4841,4853,4868
Emilia-Romagna Ferrara,168,320,326,341,368,474,488,510,522,538,563,566,580,616,618,635,649,709,744,759,771,787,805,833,857,877,885,901,905,909,918,921,926,932,934,938,940,951,960,4,5,970,972,975,977,977,977,977,978,980
Emilia-Romagna ForlÃ¬-Cesena,169,730,756,789,866,924,977,1015,1034,1058,1081,1099,1163,1211,1245,1301,1324,1347,1380,1396,1415,1435,1446,1454,1471,1485,1500,1524,1542,1549,1556,1576,1586,1595,1599,1622,1625,1644,1651,9,2,1661,1675,1677,1680,1684,1694,1695,1694,1694
Emilia-Romagna Modena,170,2222,2297,2416,2498,2551,2609,2691,2758,2811,2867,2930,3011,3087,3132,3180,3217,3262,3301,3340,3390,3411,3449,3472,3490,3519,3538,3562,3578,3609,3630,3657,3678,3704,3737,3747,3758,3766,3772,45,1,3779,3792,3800,3823,3830,3837,3839,3849,3857
Emilia-Romagna Parma,171,1933,2005,2049,2083,2201,2275,2317,2365,2395,2421,2473,2512,2531,2573,2582,2616,2698,2725,2768,2813,2887,2909,2973,2999,3011,3034,3073,3112,3122,3144,3157,3177,3199,3204,3227,3230,3244,3260,46,6,3266,3285,3298,3315,3317,3317,3346,3353,3379
Emilia-Romagna Piacenza,172,2635,2716,2765,2811,2842,2892,2936,2953,2980,3020,3049,3063,3100,3138,3167,3223,3249,3274,3299,3369,3393,3460,3533,3586,3635,3695,3751,3826,3918,3993,4062,4115,4175,4214,4251,4286,4295,4300,37,1,4334,4346,4361,4375,4386,4391,4405,4412,4417
Emilia-Romagna Ravenna,173,580,605,627,656,688,708,728,738,746,751,776,789,801,827,880,889,904,910,921,926,934,937,941,956,963,969,969,970,978,981,982,982,983,986,986,986,990,993,35,2,993,995,997,999,999,999,1000,1005,1007
Emilia-Romagna Reggio nell'Emilia,174,2307,2553,2665,2800,2908,3066,3167,3215,3352,3505,3630,3765,3849,3888,3947,3982,4053,4090,4217,4318,4352,4369,4437,4482,4520,4552,4577,4585,4593,4613,4660,4713,4733,4765,4778,4788,4799,4812,36,1,4819,4835,4846,4849,4854,4859,4870,4879,4888
Emilia-Romagna Rimini,175,1407,1445,1456,1511,1523,1553,1575,1584,1596,1613,1651,1677,1706,1727,1740,1749,1774,1791,1805,1818,1846,1852,1874,1911,1927,1934,1937,1953,1973,1990,2005,2009,2022,2027,2036,2043,2044,2054,32,6,2056,2068,2069,2074,2077,2079,2083,2087,2092
Friuli Venezia Giulia Gorizia,176,98,106,110,111,115,116,119,119,120,120,121,121,123,127,129,130,132,132,132,132,138,143,149,164,168,174,175,179,181,182,186,187,189,189,189,189,190,192,7,3,194,195,195,195,196,197,198,199,200
Friuli Venezia Giulia Pordenone,177,405,419,441,452,461,470,477,480,497,513,520,529,539,547,551,557,573,574,587,591,596,599,599,607,612,613,621,625,627,630,634,644,644,645,646,646,647,648,21,5,649,650,651,651,654,659,659,662,665
Friuli Venezia Giulia Trieste,178,545,575,598,629,651,670,708,733,763,821,857,872,890,916,945,961,1011,1067,1102,1108,1122,1125,1136,1152,1164,1177,1181,1227,1237,1245,1252,1256,1271,1281,1284,1292,1298,1300,2,2,1306,1311,1316,1322,1328,1329,1332,1341,1345
Friuli Venezia Giulia Udine,179,536,576,641,681,754,786,793,813,830,839,845,865,873,884,890,891,895,897,906,910,915,921,929,931,935,937,938,944,949,951,951,953,954,957,957,958,959,967,35,2,967,968,968,970,970,971,972,973,973
Lazio Frosinone,180,321,329,334,354,364,369,374,401,425,441,463,469,472,473,473,479,497,502,505,521,525,533,542,544,547,547,554,555,556,565,566,567,567,567,567,571,571,573,13,5,573,576,578,579,579,579,579,580,581
Lazio Latina,181,257,272,280,304,318,336,349,356,364,377,384,387,398,404,410,419,421,430,436,442,444,451,451,454,454,465,474,482,484,488,491,494,502,505,505,504,507,507,7,3,507,510,511,511,511,511,511,511,513
Lazio Rieti,182,132,160,188,188,188,189,266,268,269,269,270,273,276,276,276,277,277,278,280,280,281,281,282,291,312,313,313,314,313,324,324,324,324,325,325,327,328,328,7,3,331,331,331,333,338,349,368,376,376
Lazio Roma,183,2186,2260,2393,2503,2620,2714,2769,2830,2910,3026,3114,3219,3315,3431,3560,3665,3767,3888,4018,4082,4133,4189,4257,4313,4361,4434,4501,4569,4642,4694,4756,4807,4863,4911,4948,5005,5080,5117,44,1,5164,5202,5229,5250,5266,5291,5308,5371,5397
Lazio Viterbo,184,181,193,219,226,240,243,243,262,263,278,304,313,316,318,326,326,338,346,349,349,349,355,357,366,372,376,378,383,383,385,390,391,395,396,397,401,403,403,7,3,406,406,408,409,410,410,415,416,419
Liguria Genova,185,1095,1108,1153,1180,1312,1924,2002,2157,2785,2849,2918,2932,3086,3086,3472,3487,3522,3557,3644,3706,3792,3855,3937,4031,4092,4137,4293,4438,4493,4571,4616,4686,4832,4840,4878,4923,4968,5007,29,1,5056,5046,5065,5095,5078,5122,5165,5227,5260
Liguria La Spezia,186,248,249,250,323,341,445,450,463,605,619,629,629,645,655,660,696,720,725,741,767,777,788,793,803,809,813,815,823,822,825,829,835,845,850,861,865,868,871,4,5,877,886,889,891,895,896,899,900,901
Lombardia Bergamo,187,8803,9039,9171,9315,9588,9712,9815,9868,9931,10043,10151,10258,10309,10391,10426,10472,10518,10590,10629,10689,10738,10788,10848,10946,11002,11047,11113,11150,11196,11291,11313,11360,11394,11453,11538,11550,11587,11622,43,4,11671,11717,11741,11791,12294,12318,12347,12371,12397
Lombardia Brescia,188,8367,8598,8757,9014,9180,9340,9477,9594,9909,10122,10369,10599,10868,11058,11093,11187,11355,11567,11758,11946,12004,12078,12178,12308,12475,12540,12564,12599,12691,12806,12861,12929,12999,13028,13122,13168,13267,13391,43,4,13460,13506,13550,13620,13748,13842,13948,14008,14091
Lombardia Como,189,1101,1157,1205,1256,1319,1384,1473,1525,1542,1605,1686,1825,1924,2015,2106,2154,2233,2285,2439,2488,2550,2592,2681,2764,2871,2942,3025,3076,3154,3207,3244,3271,3293,3313,3332,3364,3401,3440,23,6,3470,3480,3496,3504,3546,3556,3598,3612,3625
Lombardia Cremona,190,3869,3941,3974,4097,4154,4233,4260,4323,4422,4489,4562,4658,4721,4945,5172,5202,5273,5313,5407,5417,5491,5641,5706,5807,5867,5906,5966,5971,5993,6023,6037,6068,6088,6106,6109,6130,6151,6178,43,1,6219,6242,6248,6250,6255,6273,6285,6303,6313
Lombardia Lecco,191,1470,1516,1552,1594,1628,1678,1712,1731,1755,1805,1838,1860,1881,1911,1970,1982,1986,2005,2030,2072,2080,2093,2109,2132,2149,2157,2177,2230,2248,2265,2274,2277,2290,2344,2360,2371,2381,2419,47,6,2448,2482,2486,2536,2561,2583,2599,2616,2634
Lombardia Lodi,192,2116,2157,2189,2214,2238,2255,2278,2321,2347,2376,2419,2472,2543,2559,2569,2587,2626,2678,2714,2724,2740,2751,2787,2833,2836,2903,2926,2936,2947,2959,2966,2994,3017,3047,3062,3114,3155,3204,46,6,3222,3264,3271,3277,3293,3301,3313,3325,3341
Lombardia Mantova,193,1688,1736,1782,1884,1981,2044,2084,2142,2216,2277,2355,2411,2486,2571,2631,2655,2691,2748,2863,2905,2913,2933,2977,3022,3057,3082,3105,3123,3131,3156,3175,3185,3194,3199,3201,3215,3217,3221,46,6,3237,3250,3251,3251,3255,3266,3275,3281,3282
Lombardia Milano,194,8911,9522,10004,10391,10819,11230,11538,11787,12039,12479,12748,13268,13680,14161,14350,14675,14952,15277,15546,15825,16112,16520,17000,17277,17689,17908,18371,18559,18837,19121,19337,19701,19950,20068,20254,20398,20711,20893,43,4,21094,21272,21376,21490,21626,21731,21900,21966,22041
Lombardia Monza e della Brianza,195,2462,2543,2633,2774,2935,3046,3157,3206,3264,3355,3424,3575,3639,3720,3821,3878,3932,3975,4042,4098,4157,4211,4253,4317,4372,4417,4477,4516,4637,4674,4704,4729,4745,4823,4850,4881,4893,4974,36,1,5015,5046,5055,5074,5112,5141,5182,5219,5265
Lombardia Pavia,196,2133,2180,2285,2331,2499,2619,2700,2735,2823,2889,2963,3049,3133,3193,3246,3316,3390,3448,3536,3582,3641,3705,3798,3874,3991,4036,4044,4129,4228,4280,4349,4416,4456,4490,4522,4551,4621,4652,37,1,4704,4742,4777,4801,4820,4849,4896,4919,4944
Lombardia Sondrio,197,470,484,517,537,563,591,614,620,636,654,661,684,720,796,849,859,864,866,937,956,960,966,1012,1056,1088,1130,1132,1132,1141,1143,1180,1181,1181,1181,1210,1223,1230,1266,3,2,1276,1280,1287,1288,1317,1321,1338,1339,1363
Lombardia Varese,198,893,937,1002,1085,1148,1191,1293,1326,1348,1491,1589,1633,1663,1711,1813,1884,1953,2021,2106,2158,2196,2251,2302,2340,2376,2407,2467,2496,2568,2619,2667,2705,2715,2783,2838,2891,3018,3073,15,6,3148,3164,3182,3196,3273,3302,3322,3335,3376
Marche Ancona,199,1116,1174,1211,1263,1290,1356,1401,1429,1455,1481,1501,1547,1590,1605,1629,1647,1664,1686,1702,1718,1737,1760,1764,1768,1785,1789,1796,1799,1800,1805,1810,1813,1814,1817,1819,1820,1822,1822,48,2,1826,1830,1837,1837,1839,1840,1840,1840,1853
Marche Ascoli Piceno,200,222,224,227,232,233,235,235,235,236,236,237,249,253,254,254,259,266,268,271,271,271,271,273,274,275,276,279,279,279,281,281,281,282,282,284,285,285,286,7,3,287,287,287,288,288,288,288,288,289
Marche Fermo,201,259,263,284,298,305,308,312,314,334,339,343,354,361,363,363,367,378,379,381,384,391,395,399,402,412,416,423,423,427,431,435,438,449,450,451,453,454,454,7,3,454,455,455,455,455,455,455,455,455
Marche Macerata,202,493,506,533,561,598,614,639,664,714,732,776,801,818,834,837,846,871,895,906,914,922,932,946,956,976,985,998,999,1006,1010,1017,1024,1026,1031,1034,1042,1047,1050,3,2,1051,1056,1067,1068,1075,1077,1082,1087,1092
Marche Pesaro e Urbino,203,1664,1722,1756,1786,1820,1853,1919,1956,2001,2044,2093,2121,2140,2181,2195,2230,2249,2277,2293,2312,2333,2347,2366,2374,2401,2411,2428,2439,2473,2490,2506,2521,2529,2540,2571,2586,2604,2630,39,6,2639,2650,2667,2675,2690,2705,2713,2723,2727
Molise Campobasso,204,124,139,142,149,154,166,166,166,166,176,185,187,191,191,191,197,197,202,202,211,212,213,215,215,216,221,223,223,224,224,224,226,226,226,226,226,228,229,7,3,251,271,294,307,310,325,327,331,334
Molise Isernia,205,9,10,11,15,40,43,43,43,43,43,43,43,50,50,50,50,50,50,50,50,51,51,51,51,53,53,55,55,55,55,56,56,56,56,56,56,57,57,7,3,57,57,57,57,57,57,57,57,57
Piemonte Alessandria,206,1317,1378,1428,1491,1591,1763,1904,1946,2016,2081,2119,2191,2248,2315,2367,2407,2580,2696,2752,2783,2815,2899,3008,3034,3114,3180,3188,3271,3318,3346,3417,3491,3559,3584,3593,3606,3622,3654,22,6,3712,3723,3730,3732,3744,3755,3769,3779,3789
Piemonte Asti,207,434,461,501,523,560,596,609,629,643,655,703,745,779,793,868,897,925,957,1038,1064,1142,1212,1255,1279,1343,1376,1428,1456,1519,1546,1572,1600,1607,1619,1623,1629,1641,1655,2,2,1666,1671,1679,1685,1690,1699,1711,1723,1741
Piemonte Biella,208,490,503,523,542,559,571,583,591,600,621,628,653,662,679,702,717,719,728,748,783,787,808,833,860,900,915,945,952,961,963,966,970,978,980,992,993,997,1002,11,5,1002,1007,1015,1015,1016,1021,1022,1022,1023
Piemonte Cuneo,209,731,778,826,850,932,1071,1135,1187,1227,1301,1318,1350,1462,1607,1747,1791,1814,1897,1977,2053,2075,2125,2184,2211,2279,2379,2391,2407,2417,2459,2486,2493,2526,2535,2553,2559,2587,2603,16,6,2628,2634,2641,2646,2649,2659,2666,2679,2685
Piemonte Novara,210,797,854,902,930,967,986,1008,1073,1146,1218,1258,1540,1605,1612,1638,1708,1825,1855,1941,1987,1996,2028,2123,2143,2172,2203,2209,2218,2244,2265,2291,2333,2365,2371,2377,2394,2399,2434,16,6,2442,2468,2475,2481,2494,2528,2543,2565,2570
Piemonte Torino,211,4455,4711,4991,5295,5772,5985,6180,6375,6595,6925,7226,7605,7939,8129,8339,8656,9116,9503,9791,10144,10278,10610,11024,11241,11615,11936,12199,12324,12564,12839,13098,13311,13603,13794,13916,14018,14116,14204,43,4,14320,14428,14494,14560,14631,14719,14807,14896,14980
Piemonte Verbano-Cusio-Ossola,212,393,410,444,505,535,556,619,630,719,774,790,859,865,876,893,904,910,917,921,935,937,945,951,962,970,989,992,996,999,1005,1005,1022,1043,1053,1065,1067,1068,1069,3,2,1070,1075,1081,1093,1097,1098,1099,1093,1100
Piemonte Vercelli,213,473,488,520,565,583,605,647,665,678,693,708,789,817,830,839,847,912,935,964,975,984,989,1013,1056,1067,1075,1090,1093,1095,1099,1107,1117,1140,1143,1145,1149,1152,1160,3,2,1168,1179,1185,1200,1205,1211,1226,1235,1244
Puglia Bari,214,616,655,700,741,762,790,807,834,861,870,886,913,921,962,989,1013,1029,1050,1075,1110,1138,1160,1188,1247,1268,1274,1282,1285,1285,1301,1313,1316,1319,1322,1328,1328,1333,1362,2,2,1371,1391,1413,1420,1427,1429,1431,1432,1434
Puglia Barletta-Andria-Trani,215,111,116,126,129,129,138,177,177,212,212,243,260,296,301,306,315,330,333,335,335,335,338,358,360,361,365,366,368,371,371,373,374,377,379,379,379,380,380,7,3,379,381,381,381,381,381,382,382,382
Puglia Brindisi,216,164,191,208,218,234,246,257,262,284,299,316,334,358,379,403,417,428,439,458,485,500,505,512,527,535,542,552,554,554,555,566,577,581,582,582,590,597,600,7,5,600,604,605,605,606,608,610,615,619
Puglia Foggia,217,457,490,502,527,546,564,605,635,652,701,721,724,739,737,742,756,780,807,822,852,868,896,933,956,969,978,986,989,1004,1032,1044,1050,1066,1068,1070,1077,1088,1098,3,2,1103,1108,1111,1116,1117,1119,1121,1125,1126
Puglia Lecce,218,303,321,353,359,362,368,378,384,389,395,403,418,418,424,425,426,427,434,443,451,452,452,461,466,466,470,475,476,480,484,487,489,495,497,497,498,500,502,6,5,503,503,504,505,505,508,508,507,508
Puglia Taranto,219,126,148,163,178,180,182,190,192,201,206,208,218,221,225,226,228,235,235,239,242,243,244,249,251,253,253,255,255,255,255,258,261,263,263,265,265,268,270,7,3,270,270,270,271,272,273,275,275,275
Sardegna Cagliari,220,111,116,126,134,144,146,146,148,151,161,179,185,191,197,201,207,208,211,212,217,218,226,228,228,229,230,231,232,232,234,235,239,240,241,242,243,243,243,7,3,243,243,244,245,246,246,246,246,247
Sardegna Nuoro,221,57,59,60,62,62,65,65,65,67,67,67,67,67,67,67,67,67,67,70,74,74,74,74,74,74,76,76,76,76,76,77,77,78,81,78,78,78,78,7,3,78,78,78,78,78,78,78,78,79
Sardegna Oristano,222,10,15,18,19,20,24,27,28,29,31,31,33,34,35,35,38,39,40,41,42,52,52,52,52,52,52,54,54,54,54,54,55,55,55,55,55,55,55,7,3,55,56,57,57,57,58,58,58,58
Sardegna Sassari,223,486,497,528,547,585,601,610,620,654,689,706,724,737,745,749,763,764,774,789,796,798,798,804,810,811,822,828,829,830,833,836,848,848,848,848,848,849,854,19,5,860,863,866,866,866,866,866,869,871
Sardegna Sud Sardegna,224,58,58,62,63,63,71,74,74,74,78,80,82,84,84,86,86,86,86,86,86,86,86,89,90,91,91,91,92,93,93,93,94,94,94,94,94,94,94,7,3,94,94,95,97,97,97,97,97,97
Sicilia Agrigento,225,94,96,98,100,102,107,109,110,113,115,119,123,126,128,130,131,132,132,132,132,132,132,132,132,132,132,132,133,135,135,135,135,135,135,135,135,135,135,7,3,135,137,137,137,137,141,141,141,141
Sicilia Caltanissetta,226,70,76,80,83,93,102,104,105,107,112,116,122,128,131,135,137,138,138,138,138,138,138,141,145,148,148,148,148,158,159,159,159,159,159,162,162,162,162,7,3,162,162,162,162,162,164,166,170,170
Sicilia Catania,227,498,510,544,559,569,594,614,630,646,662,672,678,689,704,715,725,735,745,758,783,808,851,886,905,926,943,953,961,971,971,973,981,990,1002,1009,1012,1021,1027,11,5,1032,1035,1037,1046,1047,1047,1057,1059,1061
Sicilia Enna,228,203,224,238,257,280,284,287,289,296,300,316,321,325,327,335,340,341,358,365,372,377,377,378,386,397,397,397,402,404,410,411,411,412,418,418,418,421,421,7,3,421,421,421,421,421,421,421,421,421
Sicilia Messina,229,311,319,323,337,344,353,362,370,376,399,412,422,429,436,439,449,456,467,481,489,497,513,515,519,525,530,533,533,533,533,538,548,549,550,550,551,552,552,6,5,552,553,557,557,558,558,558,558,560
Sicilia Palermo,230,262,276,282,290,296,299,301,317,329,346,351,363,376,385,391,393,399,404,412,417,420,422,427,433,435,447,456,461,470,480,493,502,507,511,516,521,522,523,7,3,531,533,541,544,546,549,549,551,555
Sicilia Ragusa,231,43,44,45,46,47,48,54,54,56,58,61,64,66,67,67,68,69,69,69,69,69,70,72,74,83,87,89,89,89,89,91,92,92,92,92,94,94,94,7,3,94,94,94,94,94,94,94,94,94
Sicilia Siracusa,232,93,98,101,106,107,109,111,113,122,124,135,146,148,149,156,158,174,177,182,182,183,197,197,197,200,201,211,221,221,224,227,227,230,234,234,235,235,235,7,3,235,239,239,239,239,241,241,241,241
Sicilia Trapani,233,73,75,80,81,94,98,104,109,114,116,120,125,129,131,133,134,135,135,135,135,135,135,135,135,135,135,136,137,139,139,139,139,139,139,139,139,139,139,7,3,139,139,139,139,139,139,139,139,139
Toscana Arezzo,234,332,343,357,358,370,378,387,396,398,399,403,417,429,453,487,522,530,541,548,558,567,580,587,597,606,610,617,619,620,621,624,639,648,648,651,652,654,655,5,5,660,660,662,665,665,667,668,669,669
Toscana Firenze,235,1087,1158,1419,1543,1626,1715,1769,1805,1871,1961,2069,2154,2259,2269,2311,2372,2443,2494,2563,2609,2653,2704,2760,2795,2849,2924,3003,3011,3039,3079,3120,3156,3193,3210,3224,3242,3257,3275,31,6,3296,3305,3316,3322,3333,3340,3353,3371,3385
Toscana Grosseto,236,257,263,264,264,273,277,284,290,290,292,310,323,327,368,368,368,368,376,379,380,383,386,389,394,397,400,400,402,404,405,406,407,407,409,413,415,416,416,7,3,417,417,421,421,421,421,421,421,421
Toscana Livorno,237,280,295,301,307,316,322,323,336,349,353,358,379,398,404,410,415,465,475,480,489,491,492,494,495,499,501,508,508,511,513,513,515,521,523,526,529,529,530,7,5,531,535,535,535,535,538,539,541,541
Toscana Lucca,238,729,771,802,843,855,872,888,920,954,979,988,1006,1020,1060,1061,1073,1134,1158,1165,1197,1213,1215,1221,1225,1230,1244,1256,1265,1269,1273,1276,1289,1295,1304,1308,1310,1314,1316,42,2,1319,1324,1328,1329,1329,1331,1335,1336,1338
Toscana Massa Carrara,239,561,611,644,644,659,667,698,734,769,790,798,814,855,867,873,881,893,912,918,933,949,956,957,959,966,977,979,983,987,993,994,1005,1012,1015,1018,1020,1020,1021,35,2,1022,1022,1028,1029,1030,1033,1037,1037,1042
Toscana Pisa,240,471,491,515,519,527,544,560,584,592,606,613,636,677,694,727,733,750,766,774,778,804,811,818,823,824,833,836,840,844,846,847,851,856,857,858,860,862,863,19,5,865,867,867,868,868,875,876,877,877
Toscana Pistoia,241,332,333,346,361,374,394,400,404,450,457,468,490,506,509,513,516,536,547,554,557,568,575,583,592,598,607,615,618,621,624,630,633,640,644,647,647,647,647,5,5,648,652,652,652,652,654,655,656,661
Toscana Prato,242,258,290,291,323,332,338,342,344,345,355,357,370,393,394,404,411,440,449,457,466,472,473,479,486,493,502,513,513,515,517,520,527,529,529,531,531,533,535,7,5,536,536,538,539,542,543,546,546,550
Toscana Siena,243,301,312,334,337,339,340,350,360,361,360,363,369,371,372,373,375,384,392,399,405,407,411,412,414,415,417,420,420,421,421,422,423,424,424,425,425,425,425,7,3,427,427,427,427,427,427,429,429,429
P.A. Trento Trento,244,1746,1870,2003,2109,2220,2285,2348,2476,2602,2708,2816,2970,3053,3126,3141,3220,3294,3376,3431,3532,3590,3614,3646,3727,3776,3838,3894,3995,4025,4069,4116,4132,4181,4247,4258,4261,4280,4283,29,1,4285,4292,4295,4297,4303,4312,4315,4318,4326
Umbria Perugia,245,813,822,844,884,905,925,929,933,941,947,950,952,956,956,957,958,963,967,972,975,976,977,981,981,982,985,987,989,989,991,992,992,992,992,992,992,993,994,42,2,993,992,993,993,996,996,996,997,997
Umbria Terni,246,230,236,246,257,263,275,284,288,303,305,306,310,316,317,317,317,318,322,325,328,328,331,331,334,334,334,334,334,341,349,349,349,350,350,350,357,359,359,7,3,361,362,364,365,368,368,369,370,370
Valle d'Aosta Aosta,247,628,631,668,719,748,782,805,835,850,868,879,902,921,927,947,958,971,993,1073,1088,1088,1093,1095,1096,1100,1100,1106,1111,1119,1124,1128,1133,1136,1142,1143,1143,1146,1150,26,2,1151,1152,1157,1158,1160,1163,1166,1172,1173
Veneto Belluno,248,430,460,487,499,522,538,558,577,602,620,649,653,664,686,698,723,755,807,835,856,904,967,979,987,1042,1047,1050,1060,1061,1084,1107,1111,1124,1129,1135,1140,1141,1142,3,2,1145,1146,1148,1148,1150,1150,1151,1151,1151
Veneto Padova,249,2264,2368,2489,2553,2632,2744,2863,2965,3056,3134,3206,3250,3310,3354,3407,3450,3537,3591,3633,3667,3693,3721,3751,3769,3794,3802,3818,3827,3836,3836,3851,3862,3867,3867,3871,3876,3879,3885,37,1,3889,3891,3895,3900,3903,3904,3907,3908,3912
Veneto Rovigo,250,136,140,152,180,184,186,203,218,232,249,271,274,280,280,287,291,297,301,306,306,307,369,400,403,413,416,417,422,424,426,427,430,430,431,430,429,430,429,7,3,429,430,432,433,433,435,436,437,437
Veneto Treviso,251,1522,1554,1606,1657,1687,1712,1726,1738,1863,1906,1944,1973,1983,1983,2032,2033,2135,2237,2300,2315,2325,2351,2386,2395,2420,2439,2453,2476,2483,2487,2511,2518,2539,2551,2557,2560,2563,2565,47,6,2588,2607,2607,2609,2613,2618,2621,2625,2635
Veneto Venezia,252,1170,1231,1293,1321,1362,1425,1487,1543,1630,1751,1780,1883,1957,1983,2008,2013,2036,2096,2116,2143,2177,2191,2279,2308,2340,2342,2347,2366,2418,2425,2438,2471,2487,2502,2513,2519,2550,2568,47,6,2575,2580,2596,2599,2611,2617,2622,2626,2630
Veneto Verona,253,2112,2287,2405,2488,2547,2688,2755,2856,2920,3049,3257,3402,3495,3547,3572,3649,3730,3805,3880,3974,3998,4070,4164,4222,4398,4473,4492,4526,4556,4627,4666,4709,4771,4800,4821,4831,4860,4897,44,1,4917,4934,4944,4946,4957,4967,4978,4997,5002
Veneto Vicenza,254,1242,1327,1434,1514,1608,1647,1704,1734,1782,1885,1953,2009,2055,2080,2089,2136,2170,2200,2296,2339,2379,2390,2433,2454,2483,2536,2554,2571,2596,2616,2644,2680,2701,2713,2719,2722,2732,2743,15,6,2748,2756,2772,2773,2787,2789,2795,2808,2814
