AreaName,AreaID,19_5_2020,20_5_2020,21_5_2020,22_5_2020,23_5_2020,24_5_2020,25_5_2020,26_5_2020,27_5_2020,28_5_2020,29_5_2020,30_5_2020,31_5_2020,1_6_2020,2_6_2020,3_6_2020,4_6_2020,5_6_2020,6_6_2020,7_6_2020,8_6_2020,9_6_2020,10_6_2020,11_6_2020,12_6_2020,13_6_2020,14_6_2020,15_6_2020,16_6_2020,17_6_2020,18_6_2020,19_6_2020,quadrant,clus,20_6_2020,21_6_2020,22_6_2020,23_6_2020,24_6_2020,25_6_2020,26_6_2020,27_6_2020,28_6_2020
York,1,441,442,444,446,446,447,449,450,453,455,457,458,459,461,462,462,462,462,462,462,462,462,462,462,462,462,462,462,462,462,462,462,1,1,,,,,,,,,
Kent,2,4700,4749,4794,4830,4843,4872,4912,4947,4975,4999,5017,5044,5068,5100,5136,5184,5210,5242,5262,5279,5301,5319,5344,5352,5371,5381,5392,5407,5431,5449,5469,5470,49,2,,,,,,,,,
Hertfordshire,3,2818,2828,2834,2842,2852,2857,2867,2875,2884,2889,2896,2901,2903,2910,2914,2920,2923,2927,2931,2935,2937,2941,2943,2949,2954,2959,2962,2965,2969,2975,2980,2981,33,4,,,,,,,,,
Devon,4,805,807,807,808,809,809,810,812,813,813,815,818,819,820,820,821,823,823,823,824,825,825,826,826,826,826,826,827,827,828,828,829,10,5,,,,,,,,,
Barnsley,5,899,907,909,920,929,932,952,957,961,965,970,975,978,987,991,996,996,1001,1009,1012,1016,1023,1028,1031,1036,1037,1037,1041,1042,1045,1055,1057,29,3,,,,,,,,,
Brighton and Hove,6,414,418,420,422,424,427,432,435,441,441,443,446,449,454,459,465,468,471,473,473,475,477,478,479,480,481,483,483,484,484,485,486,1,1,,,,,,,,,
Oxfordshire,7,2011,2027,2041,2046,2049,2051,2056,2065,2072,2077,2081,2081,2081,2089,2092,2099,2102,2103,2104,2105,2107,2109,2111,2112,2114,2117,2117,2119,2119,2124,2126,2126,20,6,,,,,,,,,
Lewisham,8,980,981,982,984,984,984,985,986,986,988,990,990,991,992,992,993,993,995,995,996,997,997,998,998,998,998,998,998,998,998,999,999,29,3,,,,,,,,,
Worcestershire,9,1361,1364,1366,1372,1375,1377,1379,1382,1384,1390,1395,1396,1397,1401,1404,1406,1409,1413,1417,1417,1422,1425,1427,1430,1431,1434,1434,1435,1437,1439,1440,1441,43,3,,,,,,,,,
Ealing,10,1187,1189,1189,1193,1193,1194,1194,1195,1198,1201,1203,1204,1205,1207,1209,1211,1213,1213,1214,1214,1214,1218,1220,1220,1221,1222,1223,1223,1224,1224,1224,1225,36,3,,,,,,,,,
Enfield,11,880,880,880,881,882,883,883,884,886,886,888,888,888,888,889,890,891,891,891,891,891,891,891,891,891,892,892,892,894,894,894,894,4,5,,,,,,,,,
Hackney,12,644,645,645,645,645,646,646,647,647,647,648,649,649,652,653,656,656,657,657,657,657,658,659,659,659,659,659,659,659,659,660,660,2,5,,,,,,,,,
Bradford,13,1250,1256,1268,1276,1283,1288,1293,1304,1311,1317,1323,1328,1335,1342,1346,1349,1354,1360,1365,1368,1372,1379,1383,1385,1391,1396,1402,1405,1412,1416,1418,1425,6,3,,,,,,,,,
Nottinghamshire,14,1355,1364,1374,1387,1390,1390,1392,1397,1405,1406,1413,1418,1419,1427,1435,1439,1444,1447,1450,1451,1455,1456,1457,1459,1460,1462,1464,1468,1472,1473,1479,1481,43,3,,,,,,,,,
Warwickshire,15,1412,1415,1426,1429,1433,1436,1443,1449,1454,1461,1462,1469,1477,1483,1496,1503,1509,1515,1518,1520,1529,1534,1539,1547,1551,1559,1564,1572,1575,1578,1578,1579,37,6,,,,,,,,,
Redbridge,16,751,756,756,758,758,758,758,758,759,760,760,760,760,760,761,763,763,763,764,764,765,765,766,767,768,768,768,768,768,768,769,770,16,5,,,,,,,,,
Islington,17,458,458,458,459,460,460,461,461,462,462,462,462,462,462,462,462,462,463,463,463,463,463,464,466,466,466,467,468,469,469,470,470,1,1,,,,,,,,,
Milton Keynes,18,507,507,508,508,508,508,508,510,510,510,510,510,510,510,510,510,510,512,512,512,512,513,513,513,514,514,514,514,514,514,514,514,1,5,,,,,,,,,
West Sussex,19,1307,1310,1312,1320,1321,1322,1325,1326,1327,1330,1334,1336,1336,1337,1338,1341,1344,1345,1348,1348,1348,1353,1357,1361,1361,1363,1365,1365,1366,1366,1368,1368,6,3,,,,,,,,,
Surrey,20,2881,2896,2906,2914,2919,2921,2928,2931,2933,2935,2936,2940,2944,2945,2951,2954,2958,2960,2960,2960,2963,2966,2972,2980,2983,2985,2990,2995,2998,3004,3005,3006,33,4,,,,,,,,,
Derbyshire,21,1627,1637,1647,1658,1665,1669,1684,1689,1693,1698,1702,1709,1711,1715,1725,1729,1732,1735,1738,1740,1747,1749,1757,1762,1771,1774,1776,1781,1787,1791,1792,1794,19,6,,,,,,,,,
Southwark,22,1263,1263,1264,1264,1264,1264,1265,1266,1271,1272,1273,1273,1274,1275,1275,1276,1276,1277,1277,1278,1278,1278,1279,1279,1279,1279,1279,1280,1280,1281,1282,1283,12,3,,,,,,,,,
Gloucestershire,23,1355,1358,1361,1364,1366,1367,1369,1371,1373,1374,1374,1374,1375,1376,1376,1376,1377,1377,1378,1378,1378,1378,1380,1380,1381,1381,1381,1381,1382,1382,1382,1382,43,3,,,,,,,,,
Leicestershire,24,1208,1222,1239,1255,1265,1267,1272,1277,1288,1291,1299,1305,1314,1318,1326,1330,1335,1341,1341,1341,1345,1346,1352,1362,1366,1370,1372,1376,1383,1387,1389,1393,6,3,,,,,,,,,
Hampshire,25,3236,3249,3265,3278,3285,3292,3309,3317,3323,3329,3332,3335,3339,3343,3350,3352,3356,3360,3360,3361,3365,3370,3377,3378,3378,3379,3380,3381,3383,3383,3383,3383,40,4,,,,,,,,,
Kensington and Chelsea,26,487,488,493,493,494,495,495,495,495,496,498,498,498,499,499,499,499,499,500,502,503,503,503,503,504,504,504,505,506,511,511,513,1,5,,,,,,,,,
Wokingham,27,442,444,444,444,444,444,444,445,446,448,448,449,449,449,450,452,452,454,454,455,455,455,456,458,458,458,458,458,458,458,458,458,1,1,,,,,,,,,
Medway,28,748,752,756,758,760,763,763,763,763,763,765,767,769,769,770,771,774,776,777,777,781,781,781,781,782,783,783,784,784,786,787,787,16,5,,,,,,,,,
Essex,29,3150,3172,3185,3209,3218,3226,3241,3247,3252,3258,3262,3264,3269,3272,3279,3284,3289,3298,3299,3303,3307,3321,3326,3335,3341,3355,3373,3385,3398,3399,3400,3401,28,4,,,,,,,,,
Hounslow,30,722,723,725,726,726,726,727,728,728,730,730,730,730,730,731,734,737,740,742,746,747,753,757,758,758,759,760,761,763,764,766,766,3,5,,,,,,,,,
Brent,31,1453,1459,1460,1463,1464,1467,1468,1468,1470,1470,1470,1475,1475,1476,1476,1478,1479,1482,1483,1484,1485,1486,1487,1490,1491,1492,1493,1494,1495,1497,1498,1498,37,6,,,,,,,,,
Barnet,32,1287,1287,1289,1290,1290,1291,1292,1293,1299,1302,1303,1303,1303,1303,1305,1306,1307,1308,1308,1309,1310,1310,1311,1312,1313,1313,1313,1314,1314,1315,1315,1316,6,3,,,,,,,,,
Leeds,33,1762,1769,1794,1805,1809,1813,1818,1820,1825,1830,1833,1838,1841,1845,1846,1848,1851,1858,1860,1863,1866,1870,1874,1879,1882,1883,1884,1886,1887,1892,1895,1895,44,6,,,,,,,,,
Wigan,34,1133,1149,1151,1156,1183,1193,1197,1201,1203,1206,1208,1208,1210,1213,1213,1218,1220,1220,1220,1222,1223,1226,1229,1230,1231,1231,1231,1231,1231,1231,1231,1231,30,3,,,,,,,,,
Nottingham,35,591,593,596,598,598,600,601,603,603,607,609,611,612,613,613,613,614,616,617,618,618,619,620,621,622,622,623,625,625,625,626,626,8,5,,,,,,,,,
East Riding of Yorkshire,36,864,868,875,882,887,891,897,900,906,907,912,916,919,926,927,933,933,936,936,937,940,941,946,948,949,953,956,958,959,962,962,963,23,3,,,,,,,,,
Northamptonshire,37,1369,1383,1397,1412,1425,1437,1443,1461,1480,1492,1505,1519,1528,1547,1556,1566,1570,1577,1578,1581,1588,1597,1609,1617,1622,1628,1638,1643,1653,1658,1663,1667,37,6,,,,,,,,,
Kingston upon Thames,38,512,514,515,517,517,518,518,519,520,521,524,524,524,524,525,526,526,526,527,528,529,530,531,531,531,531,531,531,531,531,532,532,1,5,,,,,,,,,
Sheffield,39,2507,2515,2520,2523,2526,2531,2533,2537,2541,2543,2545,2550,2557,2565,2572,2575,2579,2580,2584,2592,2601,2605,2614,2622,2625,2635,2643,2647,2650,2651,2652,2655,39,4,,,,,,,,,
Lancashire,40,3458,3482,3504,3524,3542,3549,3572,3589,3606,3622,3635,3644,3657,3671,3689,3700,3715,3727,3736,3745,3755,3763,3777,3783,3792,3800,3803,3808,3817,3820,3825,3827,34,4,,,,,,,,,
Buckinghamshire,41,978,989,999,1004,1005,1005,1009,1012,1015,1017,1019,1021,1026,1026,1032,1034,1035,1037,1040,1042,1045,1046,1046,1046,1048,1050,1050,1051,1053,1055,1056,1056,11,3,,,,,,,,,
Westminster,42,649,650,652,652,653,654,654,654,655,657,657,658,660,660,661,664,664,666,667,667,671,672,673,673,674,675,676,677,678,679,680,680,9,5,,,,,,,,,
Wandsworth,43,991,992,992,993,995,995,995,995,995,996,996,996,997,998,998,1000,1001,1001,1001,1001,1001,1002,1003,1003,1003,1003,1003,1003,1003,1005,1005,1005,29,3,,,,,,,,,
Merton,44,691,692,693,693,694,694,694,695,698,698,698,698,698,698,698,698,698,698,700,700,701,701,702,702,702,702,702,703,703,703,704,704,9,5,,,,,,,,,
Bromley,45,1267,1271,1272,1274,1274,1274,1276,1276,1278,1281,1281,1281,1281,1282,1283,1286,1287,1287,1287,1287,1288,1288,1288,1288,1288,1288,1290,1290,1291,1291,1291,1291,12,3,,,,,,,,,
Barking and Dagenham,46,493,495,496,496,496,496,497,498,498,498,498,498,498,499,499,500,501,501,501,501,501,501,501,502,503,503,503,504,504,506,506,506,1,5,,,,,,,,,
Walsall,47,1066,1069,1071,1076,1078,1078,1080,1083,1085,1086,1088,1090,1092,1094,1094,1095,1098,1098,1099,1100,1101,1102,1105,1105,1106,1106,1106,1106,1106,1106,1107,1107,5,3,,,,,,,,,
Birmingham,48,3131,3142,3149,3165,3175,3188,3194,3206,3220,3232,3237,3242,3246,3250,3258,3262,3270,3277,3286,3289,3295,3306,3309,3310,3314,3316,3318,3322,3327,3334,3336,3337,28,4,,,,,,,,,
Wirral,49,1219,1229,1236,1246,1249,1256,1264,1275,1282,1286,1297,1298,1299,1309,1313,1317,1321,1322,1323,1325,1326,1329,1335,1336,1341,1342,1347,1350,1352,1355,1356,1356,6,3,,,,,,,,,
Stockport,50,1031,1036,1037,1040,1042,1043,1046,1048,1050,1050,1054,1055,1056,1057,1058,1058,1058,1059,1059,1062,1063,1064,1066,1068,1069,1071,1074,1074,1078,1080,1083,1083,5,3,,,,,,,,,
Bury,51,712,718,725,732,734,739,743,747,752,758,762,768,772,775,775,781,784,789,790,790,793,795,796,799,803,806,807,810,810,811,811,811,16,5,,,,,,,,,
Bolton,52,989,994,998,1002,1002,1006,1009,1015,1016,1017,1018,1024,1024,1028,1031,1034,1037,1038,1038,1039,1039,1039,1039,1043,1044,1044,1046,1046,1047,1051,1052,1052,11,3,,,,,,,,,
Wiltshire,53,515,520,520,522,522,522,522,524,527,529,531,534,535,537,538,540,540,541,541,542,542,543,543,543,544,544,544,544,544,545,545,545,1,5,,,,,,,,,
"Kingston upon Hull, City of",54,678,681,685,690,702,709,716,720,723,723,729,736,739,741,745,748,751,753,756,756,757,762,769,771,777,782,783,787,790,793,796,796,3,5,,,,,,,,,
Staffordshire,55,2125,2147,2159,2174,2190,2197,2202,2211,2231,2237,2248,2260,2264,2269,2276,2280,2287,2292,2293,2297,2304,2308,2320,2323,2326,2331,2332,2338,2347,2354,2362,2364,45,6,,,,,,,,,
Hillingdon,56,776,776,777,778,778,779,781,782,783,783,785,785,787,788,788,789,789,789,789,789,792,794,798,799,799,800,800,800,803,803,803,803,16,5,,,,,,,,,
Camden,57,623,627,629,630,630,630,631,631,631,631,632,632,632,632,632,634,634,634,634,635,636,636,636,636,637,637,638,638,639,639,639,639,2,5,,,,,,,,,
Newcastle upon Tyne,58,1036,1041,1043,1045,1045,1047,1049,1053,1059,1061,1062,1062,1063,1063,1063,1066,1067,1070,1070,1070,1070,1072,1074,1075,1075,1075,1076,1077,1080,1081,1081,1082,5,3,,,,,,,,,
Rotherham,59,911,919,932,936,949,955,962,969,973,981,984,988,991,999,1005,1008,1008,1008,1012,1017,1022,1024,1027,1032,1033,1034,1036,1037,1043,1048,1050,1051,29,3,,,,,,,,,
Liverpool,60,1592,1598,1605,1608,1612,1622,1626,1632,1637,1642,1646,1648,1648,1650,1651,1652,1655,1656,1657,1657,1657,1659,1660,1661,1663,1666,1667,1668,1670,1673,1674,1674,19,6,,,,,,,,,
Trafford,61,785,788,792,798,799,802,808,817,819,825,829,830,831,834,838,841,841,842,842,845,846,853,858,859,863,868,869,870,871,877,878,879,22,5,,,,,,,,,
Oldham,62,1028,1042,1053,1059,1062,1066,1068,1069,1072,1077,1082,1089,1091,1094,1096,1099,1104,1107,1112,1112,1117,1120,1127,1132,1138,1139,1140,1141,1143,1145,1149,1150,5,3,,,,,,,,,
Cornwall and Isles of Scilly,63,567,569,571,573,573,573,575,575,575,576,576,576,576,576,577,579,580,584,586,587,587,588,588,591,591,591,591,592,593,593,593,593,1,5,,,,,,,,,
Cheshire West and Chester,64,1061,1073,1078,1086,1093,1099,1103,1115,1123,1129,1142,1147,1152,1156,1163,1168,1176,1180,1184,1187,1191,1194,1197,1198,1202,1208,1213,1218,1224,1229,1230,1232,36,3,,,,,,,,,
Torbay,65,221,221,221,221,221,221,221,221,221,221,221,221,221,221,221,221,222,222,222,222,222,222,223,223,223,223,223,224,224,224,224,224,1,1,,,,,,,,,
North Yorkshire,66,1261,1264,1268,1271,1276,1279,1284,1292,1298,1300,1303,1306,1309,1312,1317,1319,1320,1326,1328,1328,1330,1331,1334,1337,1339,1342,1342,1345,1345,1346,1346,1348,6,3,,,,,,,,,
Lincolnshire,67,1078,1078,1083,1087,1096,1098,1102,1104,1108,1113,1116,1117,1120,1122,1122,1123,1123,1124,1124,1129,1131,1133,1134,1134,1136,1136,1136,1138,1140,1141,1141,1141,5,3,,,,,,,,,
Cumbria,68,2165,2175,2179,2198,2199,2199,2201,2201,2204,2206,2209,2215,2217,2221,2233,2240,2242,2243,2244,2246,2246,2251,2252,2256,2257,2258,2260,2264,2268,2270,2272,2273,26,6,,,,,,,,,
Cambridgeshire,69,1112,1122,1138,1150,1158,1161,1163,1164,1173,1179,1191,1196,1198,1202,1226,1231,1233,1234,1236,1236,1237,1237,1238,1239,1241,1241,1241,1242,1243,1243,1243,1243,36,3,,,,,,,,,
Lambeth,70,1195,1200,1205,1207,1207,1207,1208,1210,1210,1211,1211,1211,1211,1213,1213,1214,1215,1215,1215,1216,1216,1216,1216,1217,1217,1217,1218,1218,1219,1219,1219,1219,30,3,,,,,,,,,
Harrow,71,1019,1023,1024,1024,1024,1024,1024,1026,1027,1031,1031,1032,1032,1033,1034,1034,1035,1036,1038,1039,1042,1043,1044,1045,1045,1045,1045,1045,1046,1046,1046,1046,11,3,,,,,,,,,
Manchester,72,1497,1514,1521,1529,1534,1541,1553,1564,1566,1578,1581,1587,1588,1598,1609,1616,1621,1628,1631,1632,1642,1647,1656,1666,1672,1679,1684,1691,1698,1704,1711,1711,13,6,,,,,,,,,
Bracknell Forest,73,248,252,254,254,254,255,256,256,257,257,257,258,259,259,259,259,259,260,260,260,261,261,261,262,262,263,263,263,263,264,264,264,1,1,,,,,,,,,
Swindon,74,446,447,447,447,448,448,448,450,454,454,455,455,456,458,459,459,459,460,460,461,461,461,462,462,462,463,463,463,466,466,466,466,1,1,,,,,,,,,
"Bristol, City of",75,690,693,693,694,695,697,699,702,703,704,705,706,707,708,708,709,710,713,714,714,714,714,715,718,718,719,720,721,722,722,722,722,15,5,,,,,,,,,
Tower Hamlets,76,628,629,629,630,630,631,631,633,633,633,635,635,636,636,636,637,637,638,638,639,639,642,642,643,645,645,645,646,646,647,647,647,2,5,,,,,,,,,
Sutton,77,730,733,736,737,738,740,740,740,741,745,748,750,751,752,754,756,757,758,758,758,760,761,762,762,764,764,766,767,767,767,768,768,3,5,,,,,,,,,
Hammersmith and Fulham,78,652,657,659,662,662,662,662,662,662,662,664,664,665,666,667,669,669,669,669,670,671,672,672,672,673,673,674,674,674,675,678,680,9,5,,,,,,,,,
Isle of Wight,79,187,189,193,194,195,196,196,199,199,199,199,199,200,200,200,200,200,200,200,201,201,201,201,201,202,202,202,202,202,202,202,202,1,1,,,,,,,,,
Southampton,80,572,575,577,580,581,581,581,584,585,585,591,591,592,592,594,595,598,599,602,602,606,606,607,607,608,609,609,611,611,612,612,612,1,5,,,,,,,,,
Southend-on-Sea,81,370,374,374,376,377,379,403,404,405,405,405,405,405,405,405,405,407,407,407,410,410,414,416,418,424,434,443,447,452,452,452,452,1,1,,,,,,,,,
Luton,82,716,723,733,739,744,746,749,758,766,769,771,773,773,781,788,795,798,801,803,804,806,807,807,808,810,815,819,821,829,831,832,832,16,5,,,,,,,,,
Waltham Forest,83,759,759,761,762,762,762,763,764,764,765,767,768,769,769,770,770,770,770,771,771,772,772,772,772,772,772,773,773,776,776,776,776,16,5,,,,,,,,,
Wolverhampton,84,957,960,970,979,982,985,986,988,996,998,1000,1001,1003,1011,1013,1020,1024,1024,1025,1027,1028,1033,1034,1039,1039,1039,1039,1042,1045,1046,1047,1047,11,3,,,,,,,,,
Coventry,85,791,793,799,802,805,805,806,806,806,806,815,816,816,817,819,819,820,821,821,821,823,823,825,828,828,830,831,833,836,836,836,836,10,5,,,,,,,,,
North Tyneside,86,599,605,607,608,608,608,608,609,614,615,619,619,620,621,621,622,623,624,627,627,627,630,632,633,634,634,635,638,639,639,639,639,8,5,,,,,,,,,
"Bournemouth, Christchurch and Poole",87,469,470,475,475,476,478,478,479,480,482,482,482,483,483,483,483,484,484,485,487,488,488,488,488,489,490,490,490,490,490,490,491,1,1,,,,,,,,,
Somerset,88,640,655,662,669,673,674,678,681,689,702,716,721,735,745,756,776,786,788,788,789,789,789,789,789,790,790,790,791,791,792,793,793,3,5,,,,,,,,,
Richmond upon Thames,89,406,407,408,408,408,409,410,410,410,410,410,410,411,411,411,413,414,414,414,414,416,416,417,417,417,417,417,417,417,417,417,417,1,1,,,,,,,,,
Havering,90,696,701,705,707,707,707,709,711,712,712,712,712,712,713,713,716,717,718,718,718,718,720,722,722,722,723,723,724,724,724,724,724,3,5,,,,,,,,,
Tameside,91,664,677,685,695,701,704,711,716,724,727,732,737,741,746,760,773,777,782,784,788,793,798,808,816,827,833,834,839,845,855,859,859,16,5,,,,,,,,,
Windsor and Maidenhead,92,285,286,287,291,292,294,295,296,296,296,296,296,296,297,302,302,304,306,306,306,306,306,306,307,307,307,307,307,307,307,307,307,1,1,,,,,,,,,
Slough,93,452,452,452,453,453,454,455,456,456,457,457,457,457,457,457,459,461,461,461,461,462,462,462,463,463,464,464,465,465,465,465,465,1,1,,,,,,,,,
"Herefordshire, County of",94,430,432,435,436,436,437,438,439,441,442,444,444,444,445,448,450,454,454,455,456,459,461,461,461,461,461,461,463,463,463,463,463,1,1,,,,,,,,,
Derby,95,572,575,577,579,580,582,586,588,589,590,590,591,591,592,597,598,598,598,600,604,606,607,608,609,613,615,618,622,625,627,630,631,1,5,,,,,,,,,
North Lincolnshire,96,499,499,500,503,504,505,507,510,511,513,515,516,516,517,517,517,521,521,521,521,521,521,521,521,521,521,521,521,522,524,524,524,1,5,,,,,,,,,
Darlington,97,362,367,368,370,371,374,377,377,385,388,389,390,390,392,393,393,396,397,398,399,400,400,401,402,402,406,406,406,406,406,407,407,1,1,,,,,,,,,
Suffolk,98,1432,1438,1465,1475,1479,1484,1489,1493,1504,1508,1513,1517,1527,1530,1535,1539,1541,1541,1542,1544,1546,1546,1546,1546,1547,1547,1547,1547,1548,1549,1549,1549,37,6,,,,,,,,,
Greenwich,99,690,690,693,694,694,694,694,698,699,699,701,701,701,702,703,704,706,706,707,707,707,707,708,708,709,709,709,710,711,711,712,712,15,5,,,,,,,,,
Croydon,100,1495,1497,1499,1499,1500,1501,1504,1505,1507,1507,1510,1510,1510,1510,1513,1514,1514,1516,1516,1516,1518,1519,1519,1521,1521,1521,1521,1521,1521,1521,1521,1521,37,6,,,,,,,,,
Dudley,101,864,865,865,865,867,869,872,873,875,878,878,880,880,881,882,884,885,885,888,888,888,888,888,888,888,888,890,891,894,895,895,895,4,5,,,,,,,,,
Sunderland,102,1367,1369,1372,1374,1376,1377,1378,1378,1378,1379,1380,1381,1381,1381,1382,1382,1383,1385,1385,1385,1385,1385,1386,1386,1386,1386,1386,1386,1386,1386,1386,1386,43,3,,,,,,,,,
Shropshire,103,741,751,758,768,772,773,774,778,782,790,793,793,796,802,805,809,811,817,819,820,825,826,831,836,842,845,848,852,857,857,858,860,16,5,,,,,,,,,
West Berkshire,104,368,369,372,375,375,377,377,379,379,380,380,380,380,381,382,382,382,382,382,382,382,382,382,383,383,384,384,384,384,384,384,384,1,1,,,,,,,,,
Haringey,105,592,592,592,593,593,595,595,595,596,596,596,597,597,598,598,599,599,599,599,599,599,599,599,599,599,599,599,600,601,602,602,602,1,5,,,,,,,,,
Reading,106,573,575,577,579,580,581,583,584,584,585,585,585,585,588,588,589,591,591,591,591,592,592,592,593,593,594,594,595,595,595,595,595,1,5,,,,,,,,,
South Gloucestershire,107,399,399,399,399,399,399,400,400,400,402,402,403,403,403,404,404,405,405,405,405,406,406,406,406,406,406,406,406,406,406,406,406,1,1,,,,,,,,,
Newham,108,995,995,996,996,996,996,996,997,999,999,999,1001,1001,1002,1002,1002,1003,1005,1005,1005,1006,1006,1006,1007,1008,1008,1009,1009,1011,1011,1011,1012,11,3,,,,,,,,,
Bexley,109,704,705,709,715,715,715,715,717,717,722,722,724,727,728,729,731,731,732,732,732,733,734,735,735,736,736,736,736,737,737,737,737,3,5,,,,,,,,,
Kirklees,110,710,721,731,737,740,744,745,750,754,755,757,760,761,763,765,766,767,769,771,773,778,780,781,782,782,788,788,790,791,794,795,795,16,5,,,,,,,,,
Sefton,111,911,918,919,922,928,932,933,933,935,937,940,941,942,943,946,947,948,948,948,949,950,955,960,962,963,963,963,965,966,969,971,974,23,3,,,,,,,,,
Rochdale,112,751,757,759,765,768,769,773,779,786,795,798,805,810,817,823,825,828,833,835,838,841,845,851,855,861,863,867,870,873,878,878,878,22,5,,,,,,,,,
County Durham,113,1901,1915,1933,1948,1964,1971,1979,1986,1999,2003,2013,2014,2019,2021,2025,2029,2032,2034,2034,2034,2037,2038,2040,2041,2043,2045,2048,2050,2052,2053,2053,2056,38,6,,,,,,,,,
Portsmouth,114,313,314,314,315,316,316,317,317,319,319,319,320,320,320,320,320,320,321,321,322,323,324,324,324,324,324,324,324,324,324,324,324,1,1,,,,,,,,,
North Somerset,115,377,393,398,405,412,417,424,429,438,448,449,453,458,463,469,471,471,475,476,478,478,480,481,481,481,482,485,485,485,485,486,487,1,1,,,,,,,,,
Warrington,116,746,747,756,759,760,762,763,765,767,769,771,771,774,776,780,781,782,785,786,787,788,790,792,794,797,798,799,799,801,802,802,802,16,5,,,,,,,,,
Stockton-on-Tees,117,552,558,560,563,571,576,583,591,594,597,600,602,603,605,612,615,615,617,618,618,620,623,626,627,630,630,630,634,636,636,643,644,1,5,,,,,,,,,
Norfolk,118,2106,2122,2135,2139,2146,2154,2160,2167,2173,2182,2184,2188,2191,2203,2204,2204,2212,2214,2214,2216,2216,2220,2227,2228,2230,2230,2230,2231,2232,2234,2241,2241,26,6,,,,,,,,,
Calderdale,119,288,290,290,290,290,291,291,293,293,294,294,295,295,296,296,296,297,298,298,298,299,299,299,299,299,299,300,300,300,301,302,302,1,1,,,,,,,,,
Doncaster,120,738,741,748,759,771,774,782,785,796,808,815,817,828,843,858,882,883,885,888,892,898,902,902,907,907,909,910,910,912,915,916,918,4,5,,,,,,,,,
Salford,121,907,913,915,916,919,924,927,928,928,929,930,934,937,939,942,946,950,952,955,956,958,960,962,965,966,967,968,971,972,972,972,972,23,3,,,,,,,,,
Dorset,122,356,359,359,361,362,362,363,365,366,368,369,369,369,369,369,369,369,369,369,369,369,369,369,371,371,371,371,372,372,372,372,372,1,1,,,,,,,,,
Central Bedfordshire,123,617,620,627,630,634,636,641,644,648,652,659,662,668,672,674,676,680,684,690,691,695,700,707,710,713,721,725,732,737,744,745,745,9,5,,,,,,,,,
Cheshire East,124,1155,1174,1183,1190,1194,1199,1206,1215,1222,1227,1235,1240,1244,1249,1252,1256,1260,1267,1268,1272,1274,1280,1288,1294,1301,1303,1308,1318,1325,1329,1332,1332,18,3,,,,,,,,,
Thurrock,125,323,324,326,327,329,329,332,337,337,338,338,339,339,339,340,341,343,344,344,346,350,358,360,361,362,366,370,374,377,381,381,381,1,1,,,,,,,,,
Plymouth,126,353,354,354,355,355,356,357,358,358,360,361,361,361,362,362,362,362,363,364,365,365,365,367,367,367,367,367,368,368,368,369,369,1,1,,,,,,,,,
Blackpool,127,570,586,600,609,618,619,622,628,635,638,642,646,648,653,653,659,661,663,666,668,671,671,674,674,676,677,677,677,677,678,679,679,2,5,,,,,,,,,
Redcar and Cleveland,128,400,400,403,405,405,408,413,415,418,421,423,423,426,426,427,427,427,428,428,428,428,429,429,429,429,429,429,429,429,429,429,429,1,1,,,,,,,,,
East Sussex,129,673,676,677,695,695,700,709,717,721,724,727,728,729,731,738,739,739,742,742,742,742,744,745,746,750,753,757,760,769,772,772,773,3,5,,,,,,,,,
Wakefield,130,714,717,722,727,730,733,734,740,742,743,746,749,750,756,761,762,763,766,770,774,778,780,781,781,783,783,783,783,783,784,784,785,3,5,,,,,,,,,
Solihull,131,653,655,657,657,659,659,661,663,663,663,667,667,667,669,669,669,669,671,671,671,673,674,674,674,675,675,675,677,678,679,679,679,9,5,,,,,,,,,
Sandwell,132,984,987,992,997,999,1006,1008,1017,1023,1030,1032,1035,1039,1039,1044,1045,1052,1053,1057,1060,1064,1065,1066,1071,1074,1074,1076,1077,1078,1078,1079,1080,5,3,,,,,,,,,
St. Helens,133,748,748,749,749,749,749,750,750,750,750,752,752,752,752,754,755,756,757,758,758,758,758,760,760,760,760,761,761,762,764,764,765,3,5,,,,,,,,,
Bath and North East Somerset,134,230,230,230,232,232,232,232,232,233,233,233,234,235,235,235,236,236,236,236,237,237,237,237,237,237,237,237,237,237,237,237,237,1,1,,,,,,,,,
Leicester,135,838,848,856,862,868,870,872,879,884,891,897,902,908,912,919,923,924,931,934,937,941,944,956,961,968,972,981,984,989,996,1004,1007,23,3,,,,,,,,,
Gateshead,136,990,992,995,998,998,999,999,1003,1003,1003,1003,1005,1005,1007,1008,1008,1008,1009,1010,1010,1011,1011,1012,1013,1013,1013,1013,1013,1013,1013,1013,1013,11,3,,,,,,,,,
Knowsley,137,652,652,652,654,654,657,657,659,663,664,665,666,669,669,669,669,669,669,670,670,670,673,674,674,676,676,676,678,678,678,678,678,9,5,,,,,,,,,
Stoke-on-Trent,138,710,720,725,734,737,740,741,750,762,765,767,773,775,785,797,803,806,806,807,808,809,816,819,821,824,830,831,834,838,844,849,851,16,5,,,,,,,,,
Halton,139,386,387,391,391,391,391,392,395,398,398,404,404,404,404,406,406,407,407,407,407,407,408,411,411,411,411,411,411,411,411,412,412,1,1,,,,,,,,,
Northumberland,140,992,996,999,1001,1001,1004,1006,1006,1014,1018,1021,1021,1022,1025,1028,1030,1034,1034,1038,1041,1042,1042,1047,1047,1047,1050,1054,1056,1057,1062,1063,1064,11,3,,,,,,,,,
Bedford,141,605,612,622,632,636,640,642,650,655,659,671,675,676,683,685,695,699,703,704,711,715,724,730,737,744,752,754,768,772,776,776,776,9,5,,,,,,,,,
Blackburn with Darwen,142,401,401,407,407,407,409,409,410,410,411,411,411,412,413,416,416,416,416,416,416,416,416,417,418,420,421,421,423,423,423,423,423,1,1,,,,,,,,,
Peterborough,143,386,391,394,406,413,417,422,423,424,426,428,431,433,435,436,438,438,438,439,440,441,444,451,452,452,454,456,458,460,463,465,465,1,1,,,,,,,,,
Telford and Wrekin,144,343,348,350,352,355,355,355,356,357,361,362,363,363,363,365,365,365,366,366,366,367,368,368,368,368,368,369,371,371,373,373,373,1,1,,,,,,,,,
Middlesbrough,145,655,658,664,667,667,669,670,674,676,676,677,678,678,679,680,683,684,685,687,687,688,688,689,691,691,692,692,694,694,695,695,695,9,5,,,,,,,,,
South Tyneside,146,726,731,734,736,736,739,739,740,743,744,744,744,745,745,746,746,746,746,747,747,747,747,749,749,750,751,751,751,751,751,751,751,3,5,,,,,,,,,
Hartlepool,147,318,318,320,322,322,323,323,327,328,329,329,331,331,335,336,339,339,342,342,344,345,346,347,348,349,351,351,351,351,352,352,352,1,1,,,,,,,,,
North East Lincolnshire,148,150,150,150,151,151,153,153,153,154,156,156,156,157,157,157,158,158,161,161,162,162,162,162,163,164,164,164,164,165,165,165,165,1,1,,,,,,,,,
City of London,149,17,17,17,17,17,17,17,17,17,17,18,18,18,18,18,18,18,18,18,18,18,18,18,18,18,18,18,18,18,18,18,18,1,1,,,,,,,,,
Rutland,150,33,33,33,33,33,33,34,34,35,35,35,35,35,35,35,35,35,35,35,35,35,35,35,35,35,35,35,35,35,35,35,35,1,1,,,,,,,,,
Abruzzo Chieti,151,766,767,764,767,769,769,772,772,778,778,778,783,802,804,811,811,813,814,818,817,818,818,819,821,820,820,820,822,823,823,824,824,16,5,824,825,825,825,825,825,825,826,828
Abruzzo L'Aquila,152,242,242,242,243,243,243,243,243,244,244,246,246,246,246,246,246,246,246,246,246,246,246,246,246,245,246,246,246,246,246,247,247,1,1,247,247,247,247,247,246,246,246,246
Abruzzo Pescara,153,1351,1375,1400,1421,1423,1430,1444,1448,1448,1460,1467,1474,1483,1488,1487,1491,1497,1506,1509,1508,1512,1512,1513,1515,1518,1517,1517,1522,1522,1522,1524,1526,37,6,1527,1524,1531,1531,1532,1533,1534,1536,1538
Abruzzo Teramo,154,641,641,641,641,643,644,644,644,645,645,645,645,647,648,649,649,649,646,647,650,650,651,652,653,654,654,654,654,654,654,657,658,2,5,659,662,662,662,662,662,662,663,663
Basilicata Matera,155,198,200,202,202,202,202,204,205,206,206,206,206,206,207,207,207,207,208,208,208,208,208,208,208,208,208,208,208,208,208,208,208,1,1,208,208,208,208,209,209,210,210,210
Basilicata Potenza,156,188,196,197,181,180,180,181,181,181,183,183,183,184,185,185,186,186,186,186,190,191,191,191,191,191,191,191,191,191,191,191,191,1,1,191,191,191,191,191,191,191,191,191
P.A. Bolzano Bolzano,157,2541,2542,2543,2552,2558,2567,2569,2572,2572,2575,2578,2578,2578,2581,2582,2587,2587,2587,2590,2590,2593,2593,2593,2593,2595,2595,2596,2597,2598,2598,2598,2598,39,4,2599,2600,2603,2604,2604,2604,2606,2608,2610
Calabria Catanzaro,158,208,208,209,210,210,210,210,211,211,211,211,211,211,211,211,212,213,213,214,214,214,214,214,214,214,214,214,214,214,214,214,214,1,1,214,214,214,214,214,214,214,214,214
Calabria Cosenza,159,459,459,459,460,460,460,462,463,464,464,465,466,467,467,467,467,468,468,468,468,468,468,468,468,468,468,468,468,468,468,468,468,1,1,468,468,468,468,468,468,468,468,468
Calabria Crotone,160,118,118,118,118,118,118,118,118,118,118,118,118,118,118,118,118,118,118,118,118,118,118,118,118,118,118,118,118,118,118,118,118,1,1,118,118,118,118,118,118,118,118,118
Calabria Vibo Valentia,161,75,75,75,75,75,75,76,76,76,77,77,77,81,81,81,81,81,81,81,81,81,81,81,81,81,81,81,81,81,81,81,81,1,1,81,81,81,81,81,81,82,82,83
Campania Avellino,162,469,469,474,474,486,494,503,503,504,508,509,511,514,518,521,526,526,528,534,537,537,539,543,543,543,543,546,547,547,547,547,547,1,5,547,547,547,547,548,548,548,548,548
Campania Benevento,163,186,186,186,189,189,189,189,190,192,192,192,192,196,196,199,200,200,200,201,204,204,204,204,204,205,206,207,208,208,208,209,209,1,1,209,209,209,209,209,209,209,209,209
Campania Caserta,164,424,424,425,425,429,430,430,431,432,433,434,435,446,446,447,448,448,452,453,453,453,454,454,456,456,459,459,460,460,460,462,462,1,1,462,463,465,466,468,469,469,470,470
Campania Napoli,165,2473,2486,2501,2506,2514,2521,2525,2536,2541,2549,2551,2563,2568,2571,2572,2576,2581,2583,2585,2585,2589,2591,2595,2597,2601,2611,2612,2613,2616,2617,2621,2625,21,4,2625,2626,2627,2627,2630,2633,2635,2635,2636
Campania Salerno,166,662,662,664,664,664,665,667,667,667,668,671,671,672,673,674,675,675,675,676,677,679,680,681,682,684,685,685,685,685,686,687,687,9,5,687,687,687,688,688,688,689,689,689
Emilia-Romagna Bologna,167,4590,4619,4646,4685,4720,4751,4773,4784,4805,4826,4841,4853,4868,4880,4881,4893,4901,4911,4920,4931,4942,4956,4966,4968,4998,5006,5016,5021,5029,5034,5036,5041,48,2,5043,5047,5047,5050,5054,5058,5066,5080,5095
Emilia-Romagna Ferrara,168,938,940,951,960,970,972,975,977,977,977,977,978,980,980,980,980,983,984,985,985,985,986,986,986,987,992,992,993,994,995,995,997,17,3,998,999,999,999,1000,1002,1002,1005,1007
Emilia-Romagna ForlÃ¬-Cesena,169,1622,1625,1644,1651,1661,1675,1677,1680,1684,1694,1695,1694,1694,1700,1703,1706,1707,1709,1712,1715,1719,1719,1719,1719,1720,1721,1721,1722,1723,1723,1724,1724,19,6,1725,1725,1725,1726,1726,1726,1727,1729,1730
Emilia-Romagna Modena,170,3747,3758,3766,3772,3779,3792,3800,3823,3830,3837,3839,3849,3857,3871,3876,3879,3880,3884,3895,3895,3896,3897,3899,3900,3908,3909,3911,3916,3917,3918,3922,3922,47,4,3924,3926,3927,3927,3927,3928,3929,3930,3932
Emilia-Romagna Parma,171,3227,3230,3244,3260,3266,3285,3298,3315,3317,3317,3346,3353,3379,3379,3392,3402,3412,3435,3444,3456,3474,3478,3478,3483,3504,3513,3514,3521,3525,3529,3534,3540,40,4,3547,3553,3560,3567,3572,3580,3586,3595,3599
Emilia-Romagna Piacenza,172,4251,4286,4295,4300,4334,4346,4361,4375,4386,4391,4405,4412,4417,4422,4433,4436,4447,4449,4455,4457,4459,4464,4465,4469,4475,4475,4477,4487,4489,4493,4495,4496,41,2,4498,4500,4503,4506,4507,4514,4519,4521,4523
Emilia-Romagna Ravenna,173,986,986,990,993,993,995,997,999,999,999,1000,1005,1007,1012,1012,1015,1017,1018,1018,1018,1020,1020,1023,1023,1024,1026,1027,1028,1028,1028,1028,1028,11,3,1028,1028,1028,1030,1031,1031,1033,1034,1034
Emilia-Romagna Reggio nell'Emilia,174,4778,4788,4799,4812,4819,4835,4846,4849,4854,4859,4870,4879,4888,4891,4892,4900,4910,4914,4919,4922,4929,4929,4933,4934,4935,4945,4947,4948,4950,4952,4952,4956,48,2,4956,4957,4959,4962,4965,4966,4966,4966,4968
Emilia-Romagna Rimini,175,2036,2043,2044,2054,2056,2068,2069,2074,2077,2079,2083,2087,2092,2097,2098,2103,2107,2113,2122,2134,2134,2138,2142,2145,2150,2152,2154,2154,2154,2156,2156,2156,20,6,2158,2159,2160,2161,2164,2165,2167,2168,2168
Friuli Venezia Giulia Gorizia,176,189,189,190,192,194,195,195,195,196,197,198,199,200,203,204,205,205,205,209,210,210,210,210,212,213,214,214,214,214,214,214,214,1,1,214,214,214,214,214,214,215,215,215
Friuli Venezia Giulia Pordenone,177,646,646,647,648,649,650,651,651,654,659,659,662,665,667,667,668,669,670,671,672,672,673,683,684,684,686,688,688,688,688,688,689,9,5,689,691,691,691,691,691,691,692,695
Friuli Venezia Giulia Trieste,178,1284,1292,1298,1300,1306,1311,1316,1322,1328,1329,1332,1341,1345,1348,1354,1357,1361,1365,1368,1372,1374,1377,1377,1378,1384,1385,1387,1388,1388,1388,1388,1389,6,3,1389,1389,1389,1390,1390,1390,1390,1391,1393
Friuli Venezia Giulia Udine,179,957,958,959,967,967,968,968,970,970,971,972,973,973,973,973,973,974,975,979,979,980,980,981,981,981,982,982,983,984,986,986,987,23,3,988,989,989,989,989,991,991,992,993
Lazio Frosinone,180,567,571,571,573,573,576,578,579,579,579,579,580,581,583,585,600,604,610,610,612,613,613,613,614,615,615,615,616,617,618,618,618,1,5,618,618,618,618,621,621,621,621,621
Lazio Latina,181,505,504,507,507,507,510,511,511,511,511,511,511,513,517,520,520,522,523,528,529,531,535,536,536,539,539,539,540,542,542,542,542,1,5,542,545,545,545,545,546,547,549,549
Lazio Rieti,182,325,327,328,328,331,331,331,333,338,349,368,376,376,378,380,378,378,378,378,378,379,380,380,380,383,385,385,385,386,386,386,386,1,1,386,386,386,386,386,392,395,396,395
Lazio Roma,183,4948,5005,5080,5117,5164,5202,5229,5250,5266,5291,5308,5371,5397,5436,5466,5474,5494,5509,5534,5549,5565,5576,5591,5600,5614,5627,5632,5643,5649,5654,5664,5675,49,2,5684,5702,5719,5735,5754,5765,5781,5805,5830
Lazio Viterbo,184,397,401,403,403,406,406,408,409,410,410,415,416,419,421,422,421,423,425,426,426,426,426,427,428,428,429,430,430,430,429,429,429,1,1,429,429,429,429,429,429,429,429,429
Liguria Genova,185,4878,4923,4968,5007,5056,5046,5065,5095,5078,5122,5165,5227,5260,5288,5312,5351,5375,5424,5459,5493,5541,5548,5589,5616,5638,5646,5657,5664,5714,5725,5740,5747,49,2,5757,5763,5776,5787,5793,5804,5807,5812,5814
Liguria La Spezia,186,861,865,868,871,877,886,889,891,895,896,899,900,901,902,903,899,901,896,896,897,897,897,897,897,893,897,892,892,897,892,894,895,4,5,895,896,896,897,897,897,896,896,896
Lombardia Bergamo,187,11538,11550,11587,11622,11671,11717,11741,11791,12294,12318,12347,12371,12397,12443,12463,12607,12633,12681,12732,12834,12906,12954,12977,13175,13244,13302,13323,13366,13374,13388,13465,13466,49,7,13539,13551,13558,13609,13661,13671,13710,13744,13766
Lombardia Brescia,188,13122,13168,13267,13391,13460,13506,13550,13620,13748,13842,13948,14008,14091,14147,14158,14199,14249,14326,14345,14417,14476,14479,14489,14522,14612,14683,14724,14768,14774,14810,14861,14881,49,7,14970,14988,15007,15070,15094,15106,15187,15217,15238
Lombardia Como,189,3332,3364,3401,3440,3470,3480,3496,3504,3546,3556,3598,3612,3625,3629,3633,3646,3660,3678,3713,3747,3757,3760,3785,3792,3823,3837,3840,3853,3854,3880,3890,3894,34,4,3912,3921,3922,3935,3946,3953,3957,3970,3976
Lombardia Cremona,190,6109,6130,6151,6178,6219,6242,6248,6250,6255,6273,6285,6303,6313,6323,6323,6335,6350,6365,6374,6383,6391,6396,6400,6416,6429,6442,6448,6459,6461,6464,6470,6471,49,2,6482,6489,6495,6502,6505,6520,6527,6531,6546
Lombardia Lecco,191,2360,2371,2381,2419,2448,2482,2486,2536,2561,2583,2599,2616,2634,2645,2648,2687,2691,2700,2706,2717,2720,2724,2724,2724,2729,2730,2736,2743,2745,2751,2756,2761,39,4,2765,2766,2766,2768,2770,2771,2774,2778,2782
Lombardia Lodi,192,3062,3114,3155,3204,3222,3264,3271,3277,3293,3301,3313,3325,3341,3351,3353,3369,3380,3387,3392,3400,3403,3406,3412,3434,3447,3458,3468,3474,3474,3476,3483,3485,40,4,3495,3498,3500,3502,3511,3515,3522,3533,3534
Lombardia Mantova,193,3201,3215,3217,3221,3237,3250,3251,3251,3255,3266,3275,3281,3282,3291,3291,3294,3300,3308,3310,3314,3320,3320,3327,3328,3330,3339,3345,3357,3357,3365,3367,3369,28,4,3382,3388,3388,3390,3394,3396,3398,3399,3402
Lombardia Milano,194,20254,20398,20711,20893,21094,21272,21376,21490,21626,21731,21900,21966,22041,22151,22222,22324,22372,22455,22528,22616,22680,22726,22764,22832,22908,22982,23044,23076,23094,23139,23176,23207,49,7,23306,23365,23408,23437,23483,23510,23581,23669,23766
Lombardia Monza e della Brianza,195,4850,4881,4893,4974,5015,5046,5055,5074,5112,5141,5182,5219,5265,5287,5296,5338,5388,5396,5409,5421,5439,5460,5460,5466,5480,5510,5514,5518,5521,5528,5556,5559,49,2,5567,5571,5573,5583,5591,5593,5603,5627,5640
Lombardia Pavia,196,4522,4551,4621,4652,4704,4742,4777,4801,4820,4849,4896,4919,4944,4979,5022,5047,5082,5105,5151,5184,5202,5206,5229,5252,5261,5293,5328,5338,5339,5362,5365,5371,49,2,5393,5404,5416,5418,5423,5429,5433,5456,5472
Lombardia Sondrio,197,1210,1223,1230,1266,1276,1280,1287,1288,1317,1321,1338,1339,1363,1367,1369,1378,1383,1404,1407,1414,1416,1426,1429,1431,1454,1459,1460,1463,1464,1468,1469,1471,6,3,1481,1481,1488,1492,1499,1499,1505,1516,1517
Lombardia Varese,198,2838,2891,3018,3073,3148,3164,3182,3196,3273,3302,3322,3335,3376,3379,3392,3401,3413,3423,3446,3490,3506,3511,3520,3537,3549,3590,3594,3619,3622,3632,3637,3643,40,4,3671,3674,3693,3700,3714,3724,3736,3750,3755
Marche Ancona,199,1819,1820,1822,1822,1826,1830,1837,1837,1839,1840,1840,1840,1853,1859,1867,1860,1860,1860,1862,1863,1869,1870,1870,1870,1870,1870,1871,1872,1872,1872,1872,1872,44,6,1872,1872,1872,1873,1873,1873,1873,1873,1874
Marche Ascoli Piceno,200,284,285,285,286,287,287,287,288,288,288,288,288,289,290,290,290,290,290,290,290,290,290,290,290,290,290,290,290,290,290,290,290,1,1,290,290,290,290,290,290,290,290,290
Marche Fermo,201,451,453,454,454,454,455,455,455,455,455,455,455,455,458,458,458,458,464,464,465,468,469,469,469,469,469,469,469,469,469,470,470,1,1,470,470,470,470,470,470,470,470,470
Marche Macerata,202,1034,1042,1047,1050,1051,1056,1067,1068,1075,1077,1082,1087,1092,1103,1105,1106,1106,1110,1113,1114,1116,1116,1117,1117,1118,1121,1121,1122,1122,1123,1123,1123,5,3,1124,1124,1127,1127,1127,1128,1129,1130,1131
Marche Pesaro e Urbino,203,2571,2586,2604,2630,2639,2650,2667,2675,2690,2705,2713,2723,2727,2730,2731,2733,2735,2736,2738,2738,2740,2740,2740,2740,2740,2741,2744,2745,2745,2745,2745,2748,27,4,2749,2751,2751,2752,2752,2754,2754,2754,2754
Molise Campobasso,204,226,226,228,229,251,271,294,307,310,325,327,331,334,335,346,346,346,347,350,354,355,355,355,357,358,359,359,359,359,359,359,359,1,1,359,359,359,359,361,361,361,361,361
Molise Isernia,205,56,56,57,57,57,57,57,57,57,57,57,57,57,57,57,57,57,57,57,58,58,58,58,58,58,58,58,58,58,58,58,58,1,1,58,58,58,58,58,59,59,59,59
Piemonte Alessandria,206,3593,3606,3622,3654,3712,3723,3730,3732,3744,3755,3769,3779,3789,3796,3800,3807,3813,3829,3835,3845,3848,3855,3874,3881,3895,3903,3922,3925,3927,3944,3944,3945,47,4,3962,3965,3966,3968,3970,3977,3982,3987,4004
Piemonte Asti,207,1623,1629,1641,1655,1666,1671,1679,1685,1690,1699,1711,1723,1741,1748,1751,1753,1758,1761,1767,1768,1775,1781,1790,1802,1806,1811,1818,1831,1835,1840,1847,1850,44,6,1852,1855,1857,1857,1860,1860,1860,1862,1863
Piemonte Biella,208,992,993,997,1002,1002,1007,1015,1015,1016,1021,1022,1022,1023,1023,1023,1024,1026,1028,1029,1030,1031,1032,1032,1032,1032,1032,1033,1034,1034,1034,1035,1037,11,3,1039,1039,1039,1039,1039,1040,1040,1040,1041
Piemonte Cuneo,209,2553,2559,2587,2603,2628,2634,2641,2646,2649,2659,2666,2679,2685,2688,2698,2700,2706,2715,2720,2730,2739,2746,2752,2756,2759,2765,2773,2779,2780,2783,2783,2787,27,4,2793,2800,2801,2803,2809,2813,2820,2823,2825
Piemonte Novara,210,2377,2394,2399,2434,2442,2468,2475,2481,2494,2528,2543,2565,2570,2574,2579,2617,2632,2645,2652,2657,2658,2660,2664,2675,2679,2683,2695,2702,2703,2707,2707,2710,39,4,2720,2721,2723,2726,2730,2732,2734,2734,2739
Piemonte Torino,211,13916,14018,14116,14204,14320,14428,14494,14560,14631,14719,14807,14896,14980,15025,15068,15121,15237,15294,15349,15382,15399,15413,15460,15498,15527,15559,15587,15607,15619,15644,15653,15662,49,7,15674,15696,15700,15707,15714,15722,15751,15767,15777
Piemonte Verbano-Cusio-Ossola,212,1065,1067,1068,1069,1070,1075,1081,1093,1097,1098,1099,1093,1100,1100,1100,1100,1100,1101,1102,1103,1104,1104,1106,1108,1109,1108,1108,1108,1108,1111,1111,1111,5,3,1111,1111,1111,1111,1111,1113,1114,1116,1116
Piemonte Vercelli,213,1145,1149,1152,1160,1168,1179,1185,1200,1205,1211,1226,1235,1244,1248,1250,1254,1261,1263,1267,1267,1270,1280,1288,1288,1294,1295,1300,1304,1304,1305,1307,1307,24,3,1308,1309,1309,1309,1309,1309,1309,1312,1314
Puglia Bari,214,1328,1328,1333,1362,1371,1391,1413,1420,1427,1429,1431,1432,1434,1435,1442,1442,1443,1447,1461,1462,1465,1474,1474,1473,1472,1474,1481,1483,1486,1487,1487,1488,43,3,1488,1489,1488,1489,1488,1488,1488,1488,1488
Puglia Barletta-Andria-Trani,215,379,379,380,380,379,381,381,381,381,381,382,382,382,382,381,381,383,382,382,381,381,381,382,383,381,380,380,380,380,380,380,380,1,1,380,380,380,380,380,380,380,380,380
Puglia Brindisi,216,582,590,597,600,600,604,605,605,606,608,610,615,619,622,622,629,635,637,644,651,652,650,651,651,652,651,651,651,651,650,650,651,8,5,653,653,653,653,654,654,654,655,656
Puglia Foggia,217,1070,1077,1088,1098,1103,1108,1111,1116,1117,1119,1121,1125,1126,1127,1128,1129,1131,1132,1135,1135,1142,1142,1142,1152,1153,1153,1153,1155,1156,1156,1157,1157,5,3,1158,1161,1162,1162,1162,1162,1163,1164,1164
Puglia Lecce,218,497,498,500,502,503,503,504,505,505,508,508,507,508,508,508,509,509,509,511,511,511,511,511,511,513,515,515,515,515,515,515,517,1,5,519,519,519,519,519,519,519,519,519
Puglia Taranto,219,265,265,268,270,270,270,270,271,272,273,275,275,275,275,275,275,276,276,278,278,278,280,280,280,281,281,281,281,281,281,281,281,1,1,281,281,281,281,281,281,281,281,280
Sardegna Cagliari,220,242,243,243,243,243,243,244,245,246,246,246,246,247,248,248,249,249,249,249,249,249,249,249,250,250,251,251,251,252,252,252,252,1,1,252,252,252,252,252,252,252,252,252
Sardegna Nuoro,221,78,78,78,78,78,78,78,78,78,78,78,78,79,79,79,79,79,79,79,79,79,79,79,79,79,79,79,79,79,79,79,79,1,1,79,79,79,79,79,79,79,79,79
Sardegna Oristano,222,55,55,55,55,55,56,57,57,57,58,58,58,58,58,58,58,58,59,59,60,60,59,59,59,59,59,59,59,59,59,59,59,1,1,59,60,60,60,60,60,59,59,59
Sardegna Sassari,223,848,848,849,854,860,863,866,866,866,866,866,869,871,871,871,871,872,872,872,871,871,870,870,870,870,870,870,870,870,870,870,870,4,5,870,872,872,872,871,871,874,875,875
Sardegna Sud Sardegna,224,94,94,94,94,94,94,95,97,97,97,97,97,97,97,97,97,97,97,97,97,97,97,97,97,97,97,97,97,97,97,97,97,1,1,99,99,99,99,99,99,98,98,98
Sicilia Agrigento,225,135,135,135,135,135,137,137,137,137,141,141,141,141,141,141,141,141,141,141,141,141,141,141,141,141,141,141,141,141,141,141,141,1,1,141,141,141,141,141,141,141,141,141
Sicilia Caltanissetta,226,162,162,162,162,162,162,162,162,162,164,166,170,170,170,170,170,170,172,172,172,172,172,173,173,173,173,173,174,174,176,176,176,1,1,176,176,176,176,176,176,176,176,176
Sicilia Catania,227,1009,1012,1021,1027,1032,1035,1037,1046,1047,1047,1057,1059,1061,1061,1061,1062,1063,1063,1067,1067,1068,1070,1071,1072,1072,1072,1072,1072,1072,1072,1072,1072,5,3,1072,1073,1073,1074,1075,1076,1076,1076,1076
Sicilia Enna,228,418,418,421,421,421,421,421,421,421,421,421,421,421,421,421,421,421,421,421,421,421,421,421,422,422,423,425,425,425,425,425,425,1,1,425,425,425,425,425,425,425,425,425
Sicilia Messina,229,550,551,552,552,552,553,557,557,558,558,558,558,560,560,560,560,562,562,562,562,563,563,564,564,565,565,565,565,565,565,565,565,1,5,565,565,565,565,565,565,565,565,565
Sicilia Palermo,230,516,521,522,523,531,533,541,544,546,549,549,551,555,557,563,567,570,574,574,574,574,576,576,576,578,578,578,578,578,580,580,580,1,5,580,580,580,580,581,581,581,581,582
Sicilia Ragusa,231,92,94,94,94,94,94,94,94,94,94,94,94,94,94,94,97,97,97,97,97,97,97,97,97,97,97,97,97,97,97,97,97,1,1,97,97,98,98,98,98,98,98,98
Sicilia Siracusa,232,234,235,235,235,235,239,239,239,239,241,241,241,241,245,246,246,248,248,248,248,248,248,248,251,251,251,251,251,251,251,251,251,1,1,251,251,251,251,251,251,251,251,251
Sicilia Trapani,233,139,139,139,139,139,139,139,139,139,139,139,139,139,139,139,139,139,139,139,139,139,139,139,139,139,140,140,140,140,140,140,140,1,1,141,142,142,142,142,142,142,142,142
Toscana Arezzo,234,651,652,654,655,660,660,662,665,665,667,668,669,669,671,674,674,675,675,676,676,676,676,676,676,676,676,676,676,677,677,677,677,9,5,677,677,677,678,678,678,678,679,679
Toscana Firenze,235,3224,3242,3257,3275,3296,3305,3316,3322,3333,3340,3353,3371,3385,3403,3406,3411,3413,3420,3436,3445,3451,3451,3452,3456,3457,3458,3464,3467,3468,3471,3473,3473,40,4,3478,3482,3483,3485,3486,3487,3492,3497,3504
Toscana Grosseto,236,413,415,416,416,417,417,421,421,421,421,421,421,421,422,422,423,423,423,423,423,423,423,424,425,425,425,425,425,425,426,426,426,1,1,426,426,426,427,427,427,429,429,429
Toscana Livorno,237,526,529,529,530,531,535,535,535,535,538,539,541,541,541,542,542,543,546,550,551,551,552,553,554,554,555,556,556,556,556,557,557,1,5,557,557,557,557,557,557,557,557,557
Toscana Lucca,238,1308,1310,1314,1316,1319,1324,1328,1329,1329,1331,1335,1336,1338,1348,1352,1352,1352,1352,1356,1357,1360,1360,1360,1361,1361,1361,1361,1361,1362,1363,1364,1364,6,3,1364,1364,1364,1364,1364,1365,1366,1366,1366
Toscana Massa Carrara,239,1018,1020,1020,1021,1022,1022,1028,1029,1030,1033,1037,1037,1042,1043,1043,1043,1044,1044,1044,1044,1044,1044,1044,1045,1046,1046,1049,1049,1049,1049,1049,1049,5,3,1050,1050,1050,1050,1050,1050,1051,1051,1051
Toscana Pisa,240,858,860,862,863,865,867,867,868,868,875,876,877,877,878,880,881,883,885,885,885,886,888,888,890,891,891,892,893,893,896,896,896,4,5,896,896,896,896,896,896,897,897,897
Toscana Pistoia,241,647,647,647,647,648,652,652,652,652,654,655,656,661,661,661,661,663,666,669,669,671,673,673,673,674,674,675,675,675,676,676,677,2,5,677,677,677,678,678,678,678,679,679
Toscana Prato,242,531,531,533,535,536,536,538,539,542,543,546,546,550,551,551,551,555,557,559,559,562,562,562,564,564,564,564,564,564,565,565,565,1,5,566,567,567,568,568,569,569,569,569
Toscana Siena,243,425,425,425,425,427,427,427,427,427,427,429,429,429,430,430,430,431,432,437,438,438,438,438,438,438,438,438,438,438,438,438,438,1,1,438,438,438,441,441,441,441,441,441
P.A. Trento Trento,244,4258,4261,4280,4283,4285,4292,4295,4297,4303,4312,4315,4318,4326,4338,4351,4358,4368,4378,4388,4395,4404,4405,4415,4422,4425,4428,4429,4430,4432,4432,4433,4433,41,2,4433,4434,4435,4436,4439,4439,4441,4443,4446
Umbria Perugia,245,992,992,993,994,993,992,993,993,996,996,996,997,997,999,999,1002,1002,1003,1003,1003,1003,1003,1004,1004,1004,1004,1004,1004,1004,1004,1004,1004,29,3,1004,1004,1004,1004,1006,1006,1006,1006,1006
Umbria Terni,246,350,357,359,359,361,362,364,365,368,368,369,370,370,370,370,370,370,372,372,372,372,372,372,372,372,372,372,372,372,372,372,372,1,1,372,372,373,373,374,375,375,375,375
Valle d'Aosta Aosta,247,1143,1143,1146,1150,1151,1152,1157,1158,1160,1163,1166,1172,1173,1173,1174,1175,1175,1176,1177,1177,1178,1179,1181,1181,1182,1182,1183,1184,1187,1187,1187,1187,36,3,1187,1189,1191,1191,1191,1191,1191,1191,1191
Veneto Belluno,248,1135,1140,1141,1142,1145,1146,1148,1148,1150,1150,1151,1151,1151,1153,1153,1153,1153,1153,1153,1153,1159,1162,1162,1165,1166,1165,1167,1170,1171,1171,1173,1175,36,3,1175,1176,1176,1177,1177,1177,1179,1179,1180
Veneto Padova,249,3871,3876,3879,3885,3889,3891,3895,3900,3903,3904,3907,3908,3912,3914,3915,3916,3919,3923,3926,3927,3927,3928,3929,3929,3930,3931,3931,3932,3933,3933,3932,3932,47,4,3932,3933,3933,3933,3934,3935,3934,3933,3942
Veneto Rovigo,250,430,429,430,429,429,430,432,433,433,435,436,437,437,438,439,440,440,440,441,441,442,442,442,442,442,442,442,442,442,442,442,442,1,1,442,442,442,443,443,443,443,442,443
Veneto Treviso,251,2557,2560,2563,2565,2588,2607,2607,2609,2613,2618,2621,2625,2635,2637,2641,2644,2648,2650,2651,2654,2655,2655,2656,2656,2657,2657,2658,2658,2658,2658,2659,2659,39,4,2661,2663,2663,2665,2665,2665,2666,2665,2666
Veneto Venezia,252,2513,2519,2550,2568,2575,2580,2596,2599,2611,2617,2622,2626,2630,2632,2633,2636,2640,2644,2648,2649,2649,2652,2657,2660,2657,2656,2661,2661,2661,2665,2665,2667,39,4,2666,2667,2668,2668,2668,2671,2673,2675,2674
Veneto Verona,253,4821,4831,4860,4897,4917,4934,4944,4946,4957,4967,4978,4997,5002,5006,5008,5040,5056,5053,5063,5069,5075,5077,5079,5079,5087,5093,5098,5099,5099,5100,5100,5101,49,2,5103,5106,5105,5105,5106,5107,5107,5109,5110
Veneto Vicenza,254,2719,2722,2732,2743,2748,2756,2772,2773,2787,2789,2795,2808,2814,2816,2818,2824,2830,2831,2832,2832,2834,2834,2835,2839,2843,2845,2845,2846,2846,2849,2849,2848,33,4,2851,2851,2852,2852,2852,2852,2855,2855,2855