AreaName,AreaID,10/03/2020,11/03/2020,12/03/2020,13/03/2020,14/03/2020,15/03/2020,16/03/2020,17/03/2020,18/03/2020,19/03/2020,20/03/2020,21/03/2020,22/03/2020,23/03/2020,24/03/2020,25/03/2020,26/03/2020,27/03/2020,28/03/2020,29/03/2020,30/03/2020,31/03/2020,01/04/2020,02/04/2020,03/04/2020,04/04/2020,05/04/2020,06/04/2020,07/04/2020,08/04/2020,09/04/2020,10/04/2020,11/04/2020,12/04/2020,13/04/2020,14/04/2020,quadrant,clus,15/04/2020,16/04/2020,17/04/2020,18/04/2020,19/04/2020,20/04/2020,21/04/2020,22/04/2020,23/04/2020,24/04/2020,25/04/2020,26/04/2020,27/04/2020,28/04/2020,29/04/2020,30/04/2020
Lancashire,1,5,7,12,15,15,17,24,28,38,52,60,69,85,120,161,199,262,307,349,385,482,568,659,753,865,955,1049,1161,1266,1363,1466,1536,1626,1688,1769,1853,28,2,,,,,,,,,,,,,,,,
Rutland,2,0,0,0,0,0,0,0,0,0,0,0,0,0,1,2,2,3,3,3,4,4,6,6,6,7,7,8,8,8,9,9,10,10,11,12,12,43,7,,,,,,,,,,,,,,,,
City of London,3,0,0,0,0,0,0,0,0,0,0,5,5,5,5,5,5,6,7,7,8,10,11,11,11,11,11,11,11,11,13,13,13,13,13,13,13,43,7,,,,,,,,,,,,,,,,
Hartlepool,4,0,0,0,0,0,0,1,1,2,2,3,3,3,3,3,5,6,8,11,12,17,20,23,25,30,36,39,48,59,65,71,73,73,75,78,79,43,7,,,,,,,,,,,,,,,,
North East Lincolnshire,5,0,0,0,0,0,0,0,0,1,1,2,3,4,6,10,15,18,21,22,25,29,31,36,37,47,50,52,58,61,65,69,73,78,80,84,90,43,7,,,,,,,,,,,,,,,,
South Tyneside,6,0,0,0,0,0,1,2,2,3,4,6,8,8,10,15,19,20,27,28,33,46,59,68,81,99,111,126,149,168,187,199,217,229,238,254,280,43,5,,,,,,,,,,,,,,,,
"Kingston upon Hull, City of",7,1,1,1,1,1,1,1,1,1,1,1,4,4,4,5,8,11,13,13,16,19,21,26,34,44,52,56,71,83,92,105,123,137,147,162,190,43,7,,,,,,,,,,,,,,,,
North Lincolnshire,8,1,1,1,1,1,1,2,2,2,4,5,5,5,6,7,10,13,15,17,23,26,34,42,46,59,63,63,70,75,85,102,105,121,129,136,152,43,7,,,,,,,,,,,,,,,,
Blackburn with Darwen,9,0,0,0,1,1,1,1,1,1,1,3,3,4,7,11,12,14,18,22,30,38,46,54,66,75,85,93,103,116,127,143,155,165,177,188,204,43,7,,,,,,,,,,,,,,,,
Redcar and Cleveland,10,1,1,1,1,1,1,1,2,2,3,3,4,7,9,11,14,20,30,41,48,55,63,74,81,98,111,119,128,140,140,149,157,173,181,195,200,43,5,,,,,,,,,,,,,,,,
Middlesbrough,11,0,0,0,0,1,1,1,1,2,2,4,5,7,8,10,17,24,31,41,55,72,87,110,123,149,170,191,208,233,238,256,273,288,302,321,340,43,5,,,,,,,,,,,,,,,,
Bedford,12,0,0,0,1,1,1,1,3,5,7,7,8,13,24,32,38,47,62,67,70,77,90,101,113,132,138,143,157,173,193,214,229,238,248,264,281,43,5,,,,,,,,,,,,,,,,
Knowsley,13,0,0,1,1,1,3,3,3,5,5,6,9,11,12,16,25,31,38,48,60,81,95,113,135,156,172,186,218,233,251,280,292,307,314,329,338,43,5,,,,,,,,,,,,,,,,
Northumberland,14,0,0,0,1,1,3,4,6,7,9,10,10,13,20,28,36,48,55,65,71,78,95,135,159,181,206,229,257,287,322,358,382,421,458,489,520,45,4,,,,,,,,,,,,,,,,
Gateshead,15,0,0,1,1,1,1,1,2,2,2,3,5,5,10,17,18,28,32,45,53,83,102,135,159,178,209,229,271,315,359,395,428,453,474,494,519,44,4,,,,,,,,,,,,,,,,
Sunderland,16,1,1,1,1,1,3,5,5,6,9,12,17,19,25,43,53,64,73,77,88,117,164,207,244,292,338,387,447,495,546,593,630,677,706,740,769,47,1,,,,,,,,,,,,,,,,
Solihull,17,0,1,1,1,1,1,3,4,5,10,14,18,21,30,45,61,78,95,124,137,151,168,183,208,228,251,261,273,292,306,325,347,360,367,377,396,46,4,,,,,,,,,,,,,,,,
Isle of Wight,18,2,2,2,2,2,2,2,2,2,2,3,4,8,10,10,11,12,13,15,15,18,19,26,27,28,31,33,37,39,44,46,51,53,55,56,56,43,7,,,,,,,,,,,,,,,,
Darlington,19,1,1,2,2,2,2,2,2,2,3,3,3,3,4,6,9,12,14,16,17,26,28,32,37,43,53,55,76,87,107,121,125,134,149,153,160,43,7,,,,,,,,,,,,,,,,
Peterborough,20,0,0,0,0,2,2,2,2,3,4,9,12,16,19,21,22,26,32,37,40,46,50,56,61,71,75,81,89,98,103,103,104,106,108,115,119,43,7,,,,,,,,,,,,,,,,
Doncaster,21,2,2,2,2,2,2,4,6,7,11,15,15,23,26,35,46,55,59,78,94,113,127,144,155,171,178,178,179,187,202,227,231,238,246,255,258,44,5,,,,,,,,,,,,,,,,
St. Helens,22,0,1,1,2,2,3,3,3,5,6,10,12,14,18,29,39,51,65,75,95,118,136,165,190,219,247,266,294,322,338,359,370,380,394,403,412,45,4,,,,,,,,,,,,,,,,
County Durham,23,1,1,1,1,2,3,3,5,7,9,12,15,18,28,34,47,61,75,94,107,127,149,201,238,275,306,332,418,481,534,591,647,695,721,767,803,47,1,,,,,,,,,,,,,,,,
Blackpool,24,1,1,2,2,3,3,4,6,6,6,7,8,8,9,10,11,14,16,21,25,31,43,48,66,74,88,91,97,107,120,131,147,162,173,188,196,43,7,,,,,,,,,,,,,,,,
Bracknell Forest,25,3,3,3,3,3,4,5,6,6,7,8,13,15,17,18,20,23,25,30,34,37,46,56,59,69,76,80,83,94,104,107,111,120,127,142,145,43,7,,,,,,,,,,,,,,,,
"Herefordshire, County of",26,1,1,1,2,3,6,6,7,7,7,12,12,15,21,24,24,25,27,31,35,40,49,55,59,64,68,72,83,86,91,96,102,108,117,124,128,43,7,,,,,,,,,,,,,,,,
Calderdale,27,1,3,3,3,3,3,5,5,5,5,5,7,7,9,10,14,20,26,31,40,52,57,63,74,86,94,97,107,113,122,128,139,142,150,156,163,43,7,,,,,,,,,,,,,,,,
Plymouth,28,1,1,1,3,3,6,7,7,10,12,14,16,16,19,26,29,38,41,44,49,56,58,66,78,92,102,103,108,115,119,128,141,142,149,161,175,43,7,,,,,,,,,,,,,,,,
Stoke-on-Trent,29,0,0,2,2,3,3,3,4,5,6,7,9,11,15,20,25,30,33,37,54,68,71,88,97,108,114,121,125,136,154,165,189,200,210,225,239,43,5,,,,,,,,,,,,,,,,
Warrington,30,1,1,3,3,3,4,4,4,4,6,7,8,10,15,18,19,22,32,40,50,68,87,104,128,144,160,183,214,244,282,303,331,348,356,372,397,43,5,,,,,,,,,,,,,,,,
Thurrock,31,1,2,2,2,3,3,5,8,13,14,14,17,22,31,33,37,47,59,66,73,83,93,103,120,125,133,142,150,164,182,187,191,199,204,212,216,43,5,,,,,,,,,,,,,,,,
Kirklees,32,2,3,3,3,3,4,6,7,12,14,18,21,24,28,34,44,55,65,74,89,108,127,151,173,194,208,220,248,274,295,310,322,337,343,362,386,45,4,,,,,,,,,,,,,,,,
Leicester,33,0,1,2,3,3,3,5,8,13,19,21,26,33,44,64,69,82,90,101,102,107,134,167,191,217,232,252,278,300,320,351,371,388,410,419,432,46,4,,,,,,,,,,,,,,,,
Luton,34,2,2,2,3,3,3,3,8,14,18,27,29,34,42,57,68,77,89,99,109,125,151,168,191,209,223,250,278,308,343,359,381,397,420,435,447,46,4,,,,,,,,,,,,,,,,
Bath and North East Somerset,35,0,1,3,4,4,4,5,5,10,13,16,17,19,23,26,30,35,39,41,47,52,52,57,61,65,66,71,82,90,98,109,125,135,137,143,152,43,7,,,,,,,,,,,,,,,,
Swindon,36,2,2,2,4,4,5,5,6,8,8,9,9,12,15,19,22,27,30,31,36,42,46,54,66,73,85,95,104,121,136,155,169,186,196,210,226,43,5,,,,,,,,,,,,,,,,
Halton,37,0,0,2,3,4,4,5,7,7,7,8,8,8,8,13,16,18,25,34,36,48,57,64,78,96,107,122,146,158,172,187,199,210,214,222,232,43,5,,,,,,,,,,,,,,,,
West Berkshire,38,1,1,3,3,4,5,6,7,10,11,14,21,22,30,33,40,44,49,55,58,68,72,86,91,100,113,119,125,136,141,143,156,165,172,184,186,43,5,,,,,,,,,,,,,,,,
Southend-on-Sea,39,2,2,3,3,4,4,6,8,8,8,8,9,13,19,25,27,35,42,48,59,72,87,103,117,135,150,159,178,196,201,207,217,221,228,238,244,43,5,,,,,,,,,,,,,,,,
Rochdale,40,2,3,3,4,4,5,8,13,14,15,18,24,26,36,43,50,65,76,89,97,108,127,143,152,168,185,196,206,219,237,253,266,271,272,278,287,37,5,,,,,,,,,,,,,,,,
Salford,41,1,1,2,4,4,4,9,11,14,21,30,38,45,56,72,78,96,109,127,141,162,191,209,230,242,258,276,304,314,326,330,352,362,373,382,394,47,4,,,,,,,,,,,,,,,,
York,42,3,3,3,4,5,5,5,7,9,11,12,13,13,14,16,17,18,23,30,30,34,39,51,62,70,74,78,88,101,111,120,126,129,134,146,153,43,7,,,,,,,,,,,,,,,,
Stockton-on-Tees,43,3,4,4,4,5,5,6,9,9,10,12,12,12,15,17,19,25,33,43,48,64,72,84,97,113,125,137,146,165,176,192,197,201,208,215,223,43,5,,,,,,,,,,,,,,,,
Wakefield,44,0,1,5,5,5,5,5,5,9,10,12,14,19,26,33,44,58,65,78,89,100,116,133,150,178,189,210,234,257,282,295,309,317,335,350,365,45,5,,,,,,,,,,,,,,,,
Southampton,45,3,3,3,5,5,6,8,9,11,14,17,23,27,33,35,41,56,69,79,88,105,125,139,156,165,177,189,198,213,226,248,257,264,274,285,302,37,5,,,,,,,,,,,,,,,,
Milton Keynes,46,3,3,4,4,5,6,6,9,21,27,29,33,35,57,71,81,88,98,108,118,132,149,163,175,187,197,218,237,257,268,281,298,312,318,333,349,30,5,,,,,,,,,,,,,,,,
Sefton,47,1,1,3,3,5,6,6,7,8,12,14,16,20,27,34,52,64,80,92,104,123,155,183,215,259,292,319,355,393,425,458,472,499,520,552,579,47,4,,,,,,,,,,,,,,,,
Rotherham,48,4,4,4,5,5,5,6,8,10,12,15,19,28,38,50,59,75,85,101,128,155,184,206,221,239,250,259,267,288,309,329,351,361,385,420,427,46,4,,,,,,,,,,,,,,,,
Torbay,49,6,6,6,6,6,7,8,9,10,10,15,16,17,19,21,22,27,33,36,37,42,49,52,54,54,58,61,63,69,72,93,98,99,101,104,107,43,7,,,,,,,,,,,,,,,,
Reading,50,2,2,3,3,6,8,9,11,15,16,16,19,22,26,28,36,43,46,56,66,76,81,95,103,111,125,133,136,149,162,177,191,200,225,251,262,43,5,,,,,,,,,,,,,,,,
Portsmouth,51,1,1,2,3,6,9,14,17,20,24,27,28,36,45,51,65,70,73,78,80,84,85,91,96,106,112,122,132,140,151,161,170,183,190,194,205,36,5,,,,,,,,,,,,,,,,
North Tyneside,52,2,2,2,5,6,6,7,8,11,14,17,17,19,23,27,31,37,48,65,72,75,94,129,143,156,180,198,230,256,274,290,298,314,321,335,346,44,5,,,,,,,,,,,,,,,,
Central Bedfordshire,53,2,3,3,6,6,11,11,11,17,21,23,26,32,42,51,57,65,77,87,92,103,122,136,159,173,185,201,221,239,255,272,290,304,321,330,344,29,5,,,,,,,,,,,,,,,,
Wigan,54,4,4,5,5,6,7,7,8,10,10,11,15,16,19,25,31,46,59,66,80,99,123,136,160,184,198,213,230,254,269,282,299,325,334,354,374,45,5,,,,,,,,,,,,,,,,
Cheshire West and Chester,55,3,5,6,6,6,8,10,11,13,17,20,21,24,29,33,38,43,60,71,94,110,128,157,183,219,250,282,313,343,371,399,424,439,466,481,503,46,4,,,,,,,,,,,,,,,,
East Sussex,56,0,3,5,6,6,6,7,13,16,20,24,28,32,35,44,55,69,82,90,102,116,143,164,181,193,214,226,245,273,291,318,336,348,360,373,386,38,4,,,,,,,,,,,,,,,,
Barnsley,57,3,4,4,4,6,7,7,9,12,17,18,22,29,42,58,68,89,104,118,131,146,179,205,219,228,240,242,255,277,293,312,337,361,382,413,433,39,4,,,,,,,,,,,,,,,,
Telford and Wrekin,58,1,6,6,6,7,7,8,8,9,11,12,14,14,19,23,26,32,40,46,56,62,68,72,79,86,93,102,105,117,123,125,132,134,137,140,144,43,7,,,,,,,,,,,,,,,,
Dorset,59,1,2,4,5,7,8,8,10,11,13,16,19,25,29,31,34,44,50,58,65,77,82,97,107,122,129,135,147,156,173,190,202,205,210,214,222,43,5,,,,,,,,,,,,,,,,
Bury,60,4,4,4,7,7,7,8,10,12,14,15,17,24,27,35,38,52,61,71,78,94,100,116,124,142,153,168,181,193,207,217,233,249,258,263,267,36,5,,,,,,,,,,,,,,,,
Bolton,61,3,5,6,7,7,9,12,13,16,18,20,21,24,26,31,36,42,49,60,63,80,102,127,144,179,202,217,248,269,311,349,377,407,427,459,487,38,4,,,,,,,,,,,,,,,,
Bradford,62,3,3,5,5,7,7,7,10,12,12,14,17,20,26,35,42,52,73,87,107,130,150,171,190,214,235,263,298,331,368,396,413,430,453,466,483,46,4,,,,,,,,,,,,,,,,
Richmond upon Thames,63,2,3,4,7,7,9,13,18,23,27,36,38,47,63,76,91,103,122,133,148,160,176,191,199,214,222,229,240,254,263,272,280,286,294,299,307,31,5,,,,,,,,,,,,,,,,
Coventry,64,3,5,7,7,7,7,13,17,21,26,27,36,42,53,72,88,107,120,138,155,178,207,235,255,277,295,305,330,352,362,387,402,417,438,456,468,32,4,,,,,,,,,,,,,,,,
Derby,65,3,5,5,6,7,11,17,20,24,34,37,45,59,76,97,108,116,124,145,165,187,211,241,260,282,300,302,304,318,329,340,352,365,374,378,383,24,4,,,,,,,,,,,,,,,,
Brighton and Hove,66,6,6,6,8,8,10,12,12,16,18,21,24,27,31,38,44,53,65,73,82,88,94,113,125,136,149,160,170,186,205,211,221,229,240,249,262,29,5,,,,,,,,,,,,,,,,
Wirral,67,3,4,5,6,8,8,10,10,10,11,13,16,21,28,38,44,55,70,83,105,123,139,157,209,253,295,338,385,434,482,522,552,587,614,649,695,47,1,,,,,,,,,,,,,,,,
Kingston upon Thames,68,2,3,4,5,8,10,15,21,23,29,35,36,37,48,64,77,91,102,108,121,140,152,161,177,197,208,217,230,248,269,288,298,302,311,322,336,22,5,,,,,,,,,,,,,,,,
Suffolk,69,1,1,3,4,8,15,16,19,20,23,29,34,38,60,72,77,95,115,121,141,164,190,219,239,270,289,320,349,376,413,441,473,496,519,543,559,40,4,,,,,,,,,,,,,,,,
Redbridge,70,2,2,2,5,8,13,19,27,39,51,56,66,78,95,106,121,136,157,172,191,216,242,264,292,312,336,358,384,431,460,490,501,511,535,554,568,33,1,,,,,,,,,,,,,,,,
"Bournemouth, Christchurch and Poole",71,5,5,8,8,9,9,9,10,11,12,12,15,16,17,22,27,36,45,52,58,71,77,92,104,115,123,135,153,172,187,204,226,233,255,268,279,36,5,,,,,,,,,,,,,,,,
Havering,72,3,5,6,7,9,13,15,18,29,36,40,46,58,68,84,98,109,119,125,135,151,177,206,236,268,289,309,331,364,395,420,446,464,483,500,514,24,4,,,,,,,,,,,,,,,,
Newcastle upon Tyne,73,5,5,5,7,9,13,13,19,22,27,35,44,49,67,87,106,125,145,157,187,206,240,281,312,344,367,391,430,470,500,541,570,590,607,627,658,41,1,,,,,,,,,,,,,,,,
East Riding of Yorkshire,74,2,4,6,10,10,10,12,13,14,16,16,16,18,23,25,31,34,37,40,50,62,77,86,93,105,119,129,149,169,188,197,219,225,241,258,284,36,5,,,,,,,,,,,,,,,,
Wokingham,75,5,8,10,10,10,12,12,13,17,19,21,21,24,25,26,28,33,43,50,63,78,86,100,102,110,119,127,133,142,154,159,175,178,189,206,209,29,5,,,,,,,,,,,,,,,,
Cornwall and Isles of Scilly,76,7,8,8,9,10,11,14,16,21,23,29,32,35,41,44,48,59,74,84,95,106,126,147,164,182,197,208,227,241,257,275,287,300,320,341,350,22,5,,,,,,,,,,,,,,,,
Cheshire East,77,1,2,5,7,10,11,11,15,19,23,24,27,32,34,41,53,63,77,85,98,110,128,159,187,201,220,247,280,308,340,377,405,434,453,484,512,39,4,,,,,,,,,,,,,,,,
"Bristol, City of",78,4,4,5,8,10,11,11,15,22,24,28,36,41,50,54,66,80,94,104,116,133,151,168,183,203,213,227,240,261,289,306,324,350,364,379,396,22,4,,,,,,,,,,,,,,,,
Oldham,79,6,6,7,9,10,10,14,15,17,22,25,35,40,46,58,72,86,97,110,120,138,151,173,196,216,229,242,261,281,294,305,332,355,370,377,388,22,4,,,,,,,,,,,,,,,,
Barking and Dagenham,80,3,4,8,9,10,15,19,24,29,33,42,52,60,71,83,94,101,113,124,135,146,164,185,207,222,228,244,255,277,295,310,320,324,338,355,369,15,4,,,,,,,,,,,,,,,,
Norfolk,81,1,2,3,9,10,11,17,23,32,35,38,44,50,62,76,88,114,134,157,178,205,230,252,279,322,351,387,434,485,542,595,643,695,735,789,845,49,1,,,,,,,,,,,,,,,,
Tameside,82,2,3,7,9,11,14,16,19,22,26,28,36,40,43,48,52,60,68,75,88,98,116,131,149,162,177,191,219,229,254,268,278,285,303,322,335,22,5,,,,,,,,,,,,,,,,
Medway,83,3,7,8,11,11,13,14,16,17,20,22,32,35,46,62,72,83,91,100,109,119,136,169,193,208,232,251,281,318,340,360,382,398,411,420,432,23,4,,,,,,,,,,,,,,,,
North Yorkshire,84,5,5,8,10,11,11,14,16,19,22,30,41,43,56,65,77,89,107,120,134,165,184,216,235,267,294,316,346,378,407,433,457,481,508,534,549,32,4,,,,,,,,,,,,,,,,
Dudley,85,4,4,8,9,11,15,18,20,26,36,47,53,62,79,92,109,133,147,164,188,216,238,256,286,302,329,349,367,386,402,415,443,463,475,490,500,16,4,,,,,,,,,,,,,,,,
Sandwell,86,0,2,6,8,11,15,20,22,29,47,53,60,73,95,112,129,143,162,180,209,244,279,309,346,377,396,420,443,471,505,530,566,578,596,630,660,33,1,,,,,,,,,,,,,,,,
Waltham Forest,87,3,5,6,8,11,15,17,22,33,42,55,67,70,91,102,126,160,187,208,232,256,292,317,344,374,395,421,446,466,487,512,528,543,561,580,596,25,1,,,,,,,,,,,,,,,,
South Gloucestershire,88,3,6,9,12,12,13,13,14,16,17,17,20,23,31,36,49,53,59,67,76,91,102,108,117,127,136,146,156,165,193,206,212,218,222,224,232,29,5,,,,,,,,,,,,,,,,
Stockport,89,3,5,6,9,12,12,15,21,28,35,37,43,49,55,65,74,89,97,107,119,142,160,193,221,252,278,304,346,374,401,436,469,495,509,546,567,32,4,,,,,,,,,,,,,,,,
Lincolnshire,90,7,9,12,12,12,14,14,16,21,24,29,33,35,43,56,67,90,107,129,144,172,198,231,245,283,302,323,360,389,404,425,452,473,497,519,550,15,4,,,,,,,,,,,,,,,,
Leeds,91,8,11,12,12,12,14,15,18,22,28,35,41,52,68,86,97,118,139,165,186,213,237,268,298,335,352,388,437,502,547,589,636,671,709,737,771,33,1,,,,,,,,,,,,,,,,
Gloucestershire,92,5,7,9,12,12,15,19,24,32,34,41,50,58,65,79,103,118,137,160,177,210,240,274,305,335,379,410,446,500,558,599,662,694,732,770,797,33,1,,,,,,,,,,,,,,,,
Somerset,93,3,5,8,11,13,14,14,14,15,16,19,22,24,28,32,37,44,52,57,61,70,78,86,105,120,126,135,151,161,176,189,205,223,234,248,264,29,5,,,,,,,,,,,,,,,,
Wiltshire,94,5,8,9,13,13,13,17,18,22,27,31,35,41,47,55,60,67,85,92,95,108,118,128,138,153,162,180,193,203,214,231,236,252,263,280,285,22,5,,,,,,,,,,,,,,,,
Trafford,95,7,7,10,12,13,15,16,16,21,25,32,36,45,50,60,70,85,93,106,114,133,146,174,201,227,243,262,284,303,332,348,370,384,394,403,424,15,4,,,,,,,,,,,,,,,,
Liverpool,96,6,6,9,11,13,13,16,20,29,35,45,59,72,90,115,139,173,200,227,263,306,347,394,449,508,555,601,653,718,789,855,889,928,963,1000,1027,42,3,,,,,,,,,,,,,,,,
Windsor and Maidenhead,97,4,7,11,11,14,15,17,18,18,24,29,31,37,44,46,55,60,64,72,74,83,90,99,103,107,116,120,123,133,136,146,148,157,163,165,167,22,5,,,,,,,,,,,,,,,,
Cambridgeshire,98,5,6,10,14,14,16,17,18,27,33,42,51,56,70,88,105,117,135,144,156,181,201,214,236,253,272,298,316,340,363,383,400,416,429,441,457,16,4,,,,,,,,,,,,,,,,
Sutton,99,6,6,8,12,14,14,17,21,26,29,39,44,53,78,95,107,120,141,158,169,192,211,248,277,297,303,313,337,366,395,417,431,451,456,510,535,16,4,,,,,,,,,,,,,,,,
Newham,100,2,5,7,10,14,21,30,35,47,53,67,73,86,112,124,157,195,233,268,288,325,369,409,443,500,543,567,608,648,684,717,741,769,783,803,818,26,1,,,,,,,,,,,,,,,,
North Somerset,101,1,6,11,13,15,16,16,17,17,17,19,20,20,20,21,28,31,37,39,43,51,55,63,69,77,83,87,93,97,102,113,117,124,125,130,135,29,7,,,,,,,,,,,,,,,,
Nottingham,102,7,7,10,14,15,17,18,23,25,29,36,42,51,56,63,72,88,97,101,108,119,133,149,169,185,200,211,232,254,270,282,296,308,319,332,342,15,5,,,,,,,,,,,,,,,,
Manchester,103,7,8,8,15,15,18,24,28,31,35,39,42,46,58,66,81,103,117,148,171,195,228,255,289,319,359,395,463,517,562,612,644,685,717,746,783,25,1,,,,,,,,,,,,,,,,
Worcestershire,104,6,10,14,14,15,19,22,28,33,42,56,69,78,92,109,131,154,176,211,239,284,321,355,386,422,438,462,498,541,582,621,652,689,711,736,782,26,1,,,,,,,,,,,,,,,,
Leicestershire,105,7,11,13,15,16,18,20,24,36,52,58,67,92,110,131,144,160,175,190,194,208,252,297,316,342,362,393,424,444,462,496,523,546,558,571,593,1,1,,,,,,,,,,,,,,,,
West Sussex,106,5,7,8,11,17,18,21,30,39,48,56,66,75,89,109,132,152,171,188,204,236,268,293,314,366,399,426,476,530,569,607,633,660,689,720,752,17,1,,,,,,,,,,,,,,,,
Walsall,107,2,7,14,16,18,22,23,27,32,40,49,61,71,90,106,122,141,160,195,216,243,273,309,357,384,410,427,460,493,512,544,565,574,587,609,627,9,1,,,,,,,,,,,,,,,,
Hillingdon,108,8,11,15,18,19,24,33,49,54,66,77,86,96,113,131,148,168,194,205,223,242,275,297,314,358,375,391,414,441,459,491,511,528,539,557,573,2,1,,,,,,,,,,,,,,,,
Northamptonshire,109,8,12,15,17,19,20,21,25,25,35,45,52,65,82,98,128,149,169,188,211,264,312,365,416,472,514,548,591,615,648,681,708,741,760,778,804,26,1,,,,,,,,,,,,,,,,
Bexley,110,4,8,13,17,20,21,25,31,36,41,49,53,63,80,93,112,123,142,152,166,181,201,230,247,272,294,312,336,376,392,408,421,434,440,450,473,8,4,,,,,,,,,,,,,,,,
Staffordshire,111,6,7,10,16,20,27,35,40,51,64,79,97,111,137,158,196,234,269,292,337,378,419,473,531,578,620,652,692,749,798,855,915,954,989,1026,1075,27,3,,,,,,,,,,,,,,,,
Slough,112,5,10,16,19,21,25,32,37,38,43,48,50,56,66,73,79,91,102,107,113,123,129,140,143,153,167,172,181,199,208,216,230,242,251,264,271,15,5,,,,,,,,,,,,,,,,
Greenwich,113,4,8,14,19,21,27,32,46,58,64,78,96,102,115,132,151,162,180,196,208,221,251,280,303,326,339,360,397,413,436,454,468,479,493,504,533,1,1,,,,,,,,,,,,,,,,
Warwickshire,114,11,13,17,20,21,24,32,36,51,59,71,80,87,115,135,149,177,195,221,247,287,307,336,387,427,462,486,523,560,592,632,662,696,718,746,766,2,1,,,,,,,,,,,,,,,,
Shropshire,115,5,12,22,22,22,22,22,22,26,28,33,35,40,44,53,57,71,81,94,107,115,124,137,145,164,172,179,190,199,217,231,237,245,260,277,292,15,5,,,,,,,,,,,,,,,,
Hounslow,116,6,12,13,18,22,27,36,44,54,67,74,88,96,113,128,145,160,186,194,209,233,255,287,320,344,360,379,397,420,443,467,483,492,502,511,530,1,1,,,,,,,,,,,,,,,,
Tower Hamlets,117,10,11,16,19,22,25,28,34,45,55,66,74,78,89,106,133,167,189,201,221,236,261,285,311,345,365,384,409,425,447,462,477,490,504,518,525,1,1,,,,,,,,,,,,,,,,
Lewisham,118,4,9,18,21,23,29,40,48,57,73,95,103,122,149,164,188,213,247,268,293,320,358,393,446,492,520,548,592,621,644,676,684,698,710,727,739,3,1,,,,,,,,,,,,,,,,
Hammersmith and Fulham,119,9,20,21,24,26,29,32,40,49,52,60,72,86,100,114,131,155,163,175,182,194,211,237,259,278,294,304,320,342,361,371,387,391,398,407,416,1,4,,,,,,,,,,,,,,,,
Bromley,120,5,10,16,20,26,34,40,49,62,68,86,102,126,161,191,216,245,275,307,329,368,412,461,498,528,561,587,624,660,703,733,756,779,790,821,841,3,3,,,,,,,,,,,,,,,,
Islington,121,4,6,16,22,27,33,38,45,53,62,65,73,81,104,124,135,143,158,165,176,194,210,227,249,263,276,280,289,301,312,323,327,330,337,343,350,1,4,,,,,,,,,,,,,,,,
Enfield,122,8,10,16,20,27,29,31,43,50,65,85,93,111,132,156,177,192,207,227,236,262,288,314,340,366,385,397,430,464,495,525,550,571,593,607,642,2,1,,,,,,,,,,,,,,,,
Oxfordshire,123,18,23,24,27,27,32,35,44,51,64,70,76,84,106,128,143,169,197,219,240,279,330,372,442,512,551,600,648,720,783,843,911,942,981,1033,1079,3,3,,,,,,,,,,,,,,,,
Haringey,124,6,12,19,27,28,32,34,38,51,61,72,83,94,109,128,140,149,167,183,199,219,237,259,286,312,329,337,349,378,391,411,422,431,443,457,466,1,4,,,,,,,,,,,,,,,,
Hackney,125,6,14,20,23,28,30,36,43,48,56,65,70,84,104,124,140,163,178,190,204,222,253,285,323,348,372,392,415,442,459,475,489,504,514,522,528,2,1,,,,,,,,,,,,,,,,
Sheffield,126,18,18,20,24,30,36,50,63,81,107,132,169,212,273,332,380,427,454,519,581,656,766,829,881,924,966,1032,1096,1146,1196,1249,1306,1358,1392,1455,1474,13,2,,,,,,,,,,,,,,,,
Camden,127,10,20,25,30,31,34,37,41,51,55,61,76,87,102,122,144,172,192,203,209,226,244,263,288,307,329,345,362,381,403,420,430,439,447,460,469,2,4,,,,,,,,,,,,,,,,
Nottinghamshire,128,9,15,19,23,31,36,41,44,54,63,72,82,89,97,114,131,167,198,228,259,294,334,368,408,448,475,495,525,561,594,646,663,686,714,739,783,2,1,,,,,,,,,,,,,,,,
Cumbria,129,9,12,18,25,31,32,44,56,78,104,116,139,155,182,227,274,324,377,405,454,488,556,630,697,741,793,872,969,1041,1128,1197,1231,1256,1290,1339,1391,20,3,,,,,,,,,,,,,,,,
Devon,130,21,22,24,30,32,35,39,41,44,44,47,48,52,57,63,78,93,105,118,127,136,151,176,199,218,251,271,285,310,322,343,371,387,418,442,461,1,4,,,,,,,,,,,,,,,,
Merton,131,10,17,20,27,33,34,40,50,63,74,83,90,98,113,136,159,173,197,211,224,247,275,302,335,358,372,389,426,443,457,478,489,507,516,535,547,2,1,,,,,,,,,,,,,,,,
Harrow,132,7,12,20,24,33,39,51,65,88,99,113,131,146,165,191,219,249,290,317,339,368,395,417,448,471,495,521,546,576,602,633,660,676,689,712,726,3,1,,,,,,,,,,,,,,,,
Ealing,133,14,24,28,31,33,41,55,64,82,100,116,127,145,174,208,244,274,311,331,356,384,423,449,490,520,546,560,590,634,670,700,745,771,791,821,847,4,3,,,,,,,,,,,,,,,,
Essex,134,8,11,18,29,33,39,44,54,63,73,87,106,136,187,224,292,354,424,481,535,611,698,807,907,1000,1084,1137,1237,1328,1417,1480,1537,1595,1643,1723,1748,21,2,,,,,,,,,,,,,,,,
Croydon,135,2,7,15,20,34,40,53,74,89,98,123,148,172,208,235,278,322,364,386,412,468,515,570,650,698,743,779,821,866,922,965,990,1012,1038,1064,1104,12,3,,,,,,,,,,,,,,,,
Kent,136,13,16,22,29,34,39,47,52,64,78,94,101,122,169,206,260,315,373,422,481,543,636,747,829,921,988,1060,1202,1322,1425,1542,1661,1717,1834,1949,2010,21,2,,,,,,,,,,,,,,,,
Derbyshire,137,13,19,21,29,35,45,62,71,82,90,101,121,143,175,196,216,236,264,301,328,367,418,469,495,529,562,570,595,631,674,710,736,759,780,809,839,4,3,,,,,,,,,,,,,,,,
Buckinghamshire,138,14,18,28,34,37,39,48,54,60,66,73,84,96,104,113,136,146,163,184,195,224,247,266,298,322,343,356,382,419,451,473,499,518,525,546,567,2,1,,,,,,,,,,,,,,,,
Wolverhampton,139,8,13,18,29,37,40,44,59,65,72,87,98,103,112,136,147,160,186,204,216,237,260,279,296,307,327,337,359,374,406,425,450,460,469,497,514,2,4,,,,,,,,,,,,,,,,
Brent,140,10,20,30,33,40,48,58,81,103,125,146,164,190,236,264,310,354,402,434,487,544,589,644,702,757,806,843,880,908,951,979,1019,1041,1067,1093,1126,5,3,,,,,,,,,,,,,,,,
Barnet,141,15,26,31,37,43,53,64,71,85,111,132,150,175,205,244,289,344,398,432,462,504,549,586,651,688,727,767,803,848,897,931,952,972,989,1009,1028,5,3,,,,,,,,,,,,,,,,
Birmingham,142,9,15,22,36,43,55,70,94,126,161,213,243,269,334,401,460,554,624,704,809,932,1063,1171,1273,1353,1435,1505,1569,1654,1742,1803,1868,1899,1948,1993,2074,7,2,,,,,,,,,,,,,,,,
Hertfordshire,143,25,31,33,42,46,61,67,72,96,119,140,160,173,231,276,332,381,433,478,541,627,704,787,889,966,1019,1081,1172,1250,1335,1413,1489,1544,1595,1652,1711,6,2,,,,,,,,,,,,,,,,
Surrey,144,16,21,37,42,51,60,73,92,126,148,174,198,234,284,325,379,434,490,546,595,695,760,852,922,985,1054,1120,1206,1322,1401,1458,1540,1606,1661,1755,1800,7,2,,,,,,,,,,,,,,,,
Wandsworth,145,16,26,38,42,53,65,78,98,113,130,153,169,185,212,240,284,316,346,366,389,415,456,493,531,558,584,601,635,661,687,711,741,755,761,775,792,5,3,,,,,,,,,,,,,,,,
Lambeth,146,15,29,33,44,54,67,83,104,121,143,173,191,224,252,278,314,357,392,429,456,508,548,597,638,677,708,725,766,806,838,868,884,928,944,960,971,5,3,,,,,,,,,,,,,,,,
Kensington and Chelsea,147,33,43,49,52,55,56,62,69,77,82,87,92,98,106,113,127,149,169,178,187,210,228,244,264,278,285,291,302,321,341,359,370,374,377,384,390,3,4,,,,,,,,,,,,,,,,
Southwark,148,24,35,45,53,63,75,91,109,129,144,167,180,208,252,283,312,344,392,424,458,510,544,600,640,687,724,748,788,835,876,917,947,974,985,1007,1028,6,3,,,,,,,,,,,,,,,,
Westminster,149,24,38,52,60,70,75,89,99,108,117,132,145,157,179,194,217,237,250,270,287,313,325,343,360,387,403,420,431,446,460,479,488,499,507,516,526,4,1,,,,,,,,,,,,,,,,
Hampshire,150,19,28,52,67,72,83,102,117,134,159,189,212,247,296,330,373,429,487,566,615,700,778,849,936,1025,1098,1172,1274,1389,1475,1548,1630,1682,1753,1832,1872,7,2,,,,,,,,,,,,,,,,
Abruzzo Chieti,151,0,0,0,0,0,0,0,0,0,2,3,4,4,7,9,9,20,23,25,30,38,41,44,69,80,91,102,129,133,146,175,189,229,266,273,280,43,5,292,299,310,317,325,327,343,361,369,392,441,452,465,469,469,499
Abruzzo L'Aquila,152,0,0,0,0,0,0,0,1,1,1,1,1,1,5,6,6,8,9,13,15,18,19,20,25,29,31,38,40,47,60,64,75,88,101,115,123,43,7,128,140,166,174,179,183,189,197,199,213,218,220,220,228,229,232
Abruzzo Pescara,153,0,0,0,0,0,0,0,1,1,1,1,2,8,14,18,18,48,48,65,82,101,138,160,223,259,302,334,370,369,412,445,476,512,576,594,622,46,4,631,646,669,700,727,728,756,771,805,838,869,889,930,947,971,1005
Abruzzo Teramo,154,0,0,1,1,2,5,5,3,3,4,4,4,4,4,5,5,8,9,9,10,19,31,39,68,81,105,113,124,140,195,262,277,304,350,363,376,43,5,385,412,418,437,472,483,511,530,558,571,592,599,598,601,605,610
Basilicata Matera,155,0,0,0,0,0,0,0,0,0,0,1,1,2,3,3,3,3,3,3,4,4,4,5,7,9,8,16,18,25,36,48,53,76,84,92,104,43,7,114,118,124,125,136,143,144,145,146,147,151,153,155,155,155,169
Basilicata Potenza,156,0,0,0,0,0,0,0,1,1,1,2,2,2,2,4,5,5,7,7,7,8,16,22,30,43,58,65,72,67,70,86,98,106,118,122,122,43,7,123,128,137,139,142,144,147,152,157,161,161,162,164,164,165,167
P.A. Bolzano Bolzano,157,1,1,1,1,1,1,1,1,1,1,4,9,9,9,38,75,104,125,173,204,241,291,376,436,548,621,678,724,781,858,906,1003,1109,1214,1325,1371,49,3,1418,1479,1559,1592,1644,1722,1811,1835,1903,1955,1957,2098,2149,2184,2224,2267
Calabria Catanzaro,158,0,0,0,0,0,0,0,0,0,1,2,2,2,3,3,2,3,3,5,6,6,14,20,27,34,38,45,46,49,51,53,115,118,123,134,139,43,7,140,146,150,150,157,158,162,169,173,176,181,182,183,184,190,194
Calabria Cosenza,159,0,0,0,1,1,1,1,1,1,1,1,1,1,4,6,5,8,10,15,17,17,27,31,38,45,50,63,68,84,99,107,128,154,171,184,186,43,7,188,194,203,204,230,243,254,266,275,289,291,291,295,317,318,357
Calabria Crotone,160,0,0,0,0,0,0,0,0,0,0,0,0,0,0,0,1,6,7,5,17,17,21,23,39,45,50,61,62,66,71,80,80,87,90,93,93,43,7,94,94,106,106,109,111,112,113,113,113,113,117,117,117,117,117
Calabria Reggio di Calabria,161,0,0,0,0,0,0,0,0,0,0,1,1,1,2,3,6,11,13,18,22,22,46,47,57,73,84,88,94,97,105,123,140,155,189,190,195,43,7,201,207,218,222,237,243,243,248,250,256,260,263,263,268,276,269
Calabria Vibo Valentia,162,0,0,0,0,0,0,0,0,0,0,0,0,0,2,1,5,5,5,17,6,6,6,8,8,8,11,14,20,21,23,28,29,39,39,44,44,43,7,44,48,54,57,60,60,60,61,61,65,68,68,68,68,68,70
Campania Avellino,163,0,0,0,0,0,0,0,0,0,0,0,0,3,3,3,7,12,14,19,37,49,56,56,88,97,124,132,145,155,172,180,182,193,208,220,226,43,5,258,290,340,351,355,373,375,378,379,397,399,400,401,402,407,416
Campania Benevento,164,0,0,0,0,0,0,0,0,0,0,0,0,4,4,4,2,3,3,3,4,4,4,4,8,8,11,13,13,14,14,14,15,21,21,70,76,43,7,81,85,85,86,108,108,111,133,145,149,152,156,156,157,157,157
Campania Caserta,165,0,0,0,0,0,0,0,0,0,0,0,0,28,32,34,26,29,38,41,45,60,65,65,94,96,106,116,124,152,165,177,179,186,197,206,221,43,5,238,255,264,279,300,308,331,349,352,359,368,375,381,387,390,393
Campania Napoli,166,0,0,3,4,13,17,17,30,17,17,17,17,45,55,61,96,109,140,171,188,219,258,258,358,416,463,504,543,588,626,665,734,827,898,991,1053,49,1,1161,1279,1428,1498,1532,1568,1643,1668,1699,1772,1809,1871,1932,2010,2026,2072
Campania Salerno,167,0,0,0,0,0,0,0,0,0,0,0,0,15,17,17,17,18,20,31,49,57,65,65,92,115,126,157,179,182,220,244,244,307,323,338,341,43,5,360,385,400,426,437,462,468,489,499,513,533,536,541,557,564,587
Emilia-Romagna Bologna,168,0,0,0,0,2,2,3,6,11,19,41,49,62,80,86,108,122,155,195,230,291,333,395,465,552,610,674,833,968,1107,1253,1413,1586,1743,1872,1940,42,2,2084,2225,2339,2429,2521,2617,2656,2758,2856,2954,3075,3197,3292,3320,3380,3490
Emilia-Romagna Ferrara,169,0,0,0,0,0,0,0,0,0,0,1,2,6,7,8,12,17,24,29,34,44,58,64,78,102,123,150,172,190,204,212,244,281,300,306,320,43,5,326,341,368,474,488,510,522,538,563,566,580,616,618,635,649,709
Emilia-Romagna ForlÃ¬-Cesena,170,0,0,0,0,0,1,1,1,2,4,3,7,15,16,20,24,33,49,62,78,103,144,171,227,250,269,329,380,437,454,513,580,612,642,683,730,46,1,756,789,866,924,977,1015,1034,1058,1081,1099,1163,1211,1245,1301,1324,1347
Emilia-Romagna Modena,171,3,8,18,18,22,24,29,33,41,45,73,82,97,116,127,163,190,251,306,367,440,460,575,663,767,906,1010,1155,1354,1533,1676,1772,1922,2094,2137,2222,28,2,2297,2416,2498,2551,2609,2691,2758,2811,2867,2930,3011,3087,3132,3180,3217,3262
Emilia-Romagna Parma,172,4,8,10,27,35,59,61,84,115,150,181,229,276,279,325,378,430,518,570,662,707,800,800,869,979,1014,1209,1364,1435,1525,1611,1690,1752,1809,1859,1933,14,2,2005,2049,2083,2201,2275,2317,2365,2395,2421,2473,2512,2531,2573,2582,2616,2698
Emilia-Romagna Piacenza,173,18,28,63,89,138,174,212,256,319,378,426,479,528,602,633,664,679,710,853,1012,1073,1204,1340,1428,1575,1693,1765,1885,1981,2122,2213,2276,2390,2475,2516,2635,7,8,2716,2765,2811,2842,2892,2936,2953,2980,3020,3049,3063,3100,3138,3167,3223,3249
Emilia-Romagna Ravenna,174,0,0,0,1,1,2,2,2,2,3,8,10,13,19,24,31,41,55,78,100,114,124,153,185,213,287,309,342,368,387,451,488,521,553,568,580,46,4,605,627,656,688,708,728,738,746,751,776,789,801,827,880,889,904
Emilia-Romagna Reggio nell'Emilia,175,0,0,0,1,4,7,8,14,20,31,44,48,70,103,104,114,123,138,153,185,241,299,414,608,773,977,1167,1369,1437,1586,1698,1861,1996,2146,2208,2307,35,2,2553,2665,2800,2908,3066,3167,3215,3352,3505,3630,3765,3849,3888,3947,3982,4053
Emilia-Romagna Rimini,176,1,3,6,9,15,16,19,24,33,68,93,104,113,164,206,245,312,363,398,425,509,509,613,691,757,826,942,1035,1084,1136,1189,1264,1323,1357,1382,1407,28,3,1445,1456,1511,1523,1553,1575,1584,1596,1613,1651,1677,1706,1727,1740,1749,1774
Friuli Venezia Giulia Gorizia,177,0,0,0,0,0,0,0,3,5,5,6,6,6,6,10,12,12,20,20,31,16,18,25,28,30,38,44,55,57,65,75,79,85,91,91,98,43,7,106,110,111,115,116,119,119,121,120,121,121,123,127,129,130,132
Friuli Venezia Giulia Pordenone,178,0,0,0,0,0,0,0,0,0,0,0,2,2,2,4,13,13,31,45,42,54,54,76,97,114,144,165,170,201,277,295,332,362,368,383,405,43,5,419,441,452,461,470,477,480,497,513,520,529,539,547,551,557,573
Friuli Venezia Giulia Trieste,179,0,0,0,0,0,6,9,2,5,5,7,11,25,25,53,57,57,131,148,140,164,177,180,208,216,270,297,320,329,355,385,411,452,476,494,545,46,4,575,598,629,651,670,708,733,763,821,857,872,890,916,945,961,1011
Friuli Venezia Giulia Udine,180,0,0,0,0,0,0,0,8,8,11,18,23,24,24,26,44,44,75,88,129,152,145,181,266,296,338,361,385,405,431,460,487,530,536,524,536,47,4,576,641,681,754,786,793,813,830,839,845,865,873,884,890,891,895
Lazio Frosinone,181,0,0,0,0,0,0,0,0,1,1,1,1,2,2,6,8,18,28,28,34,44,49,54,48,52,59,78,82,97,106,156,191,232,252,290,321,43,5,329,334,354,364,369,374,401,425,441,463,469,473,472,473,479,497
Lazio Latina,182,0,0,0,0,0,0,0,0,0,0,2,2,6,6,11,11,11,15,20,23,23,23,23,23,115,136,146,159,182,198,206,212,215,239,254,257,43,5,272,280,304,318,336,349,356,364,377,384,387,398,404,410,419,421
Lazio Rieti,183,0,0,0,0,0,0,0,0,0,0,0,0,0,0,1,3,2,3,3,4,11,12,12,18,18,24,24,31,33,39,41,43,62,76,105,132,43,7,193,188,188,188,189,266,268,269,269,270,273,276,276,276,277,277
Lazio Roma,184,3,3,3,3,6,6,7,14,29,42,49,71,77,91,76,99,162,218,288,354,412,486,590,678,755,893,1049,1171,1287,1428,1567,1703,1839,1945,2068,2186,35,2,2260,2393,2503,2620,2714,2769,2830,2910,3026,3114,3219,3315,3431,3560,3665,3767
Lazio Viterbo,185,0,0,0,0,0,0,0,0,0,0,2,2,2,2,5,10,5,10,13,15,27,31,39,50,63,72,82,93,121,122,122,124,144,179,181,181,43,7,193,219,226,240,243,243,262,263,278,304,313,316,318,326,326,338
Liguria Genova,186,0,0,0,0,0,1,1,1,1,1,9,15,25,38,42,63,92,128,231,274,274,330,378,488,527,561,677,689,696,782,762,817,879,1026,1069,1095,49,3,1108,1153,1180,1312,1924,2002,2157,2785,2849,2918,2932,3086,3086,3472,3487,3522
Liguria Imperia,187,0,0,0,0,0,1,1,2,2,2,3,7,10,11,15,18,32,41,64,78,78,76,101,117,145,155,168,160,186,177,211,214,236,234,243,234,43,5,226,220,223,224,586,592,667,799,831,899,881,882,882,979,1036,1048
Liguria La Spezia,188,0,1,1,1,1,1,1,1,1,1,1,5,11,15,15,19,26,37,52,60,60,65,83,88,90,94,99,110,104,137,149,213,234,233,234,248,43,5,245,250,323,341,445,450,463,605,619,629,629,670,670,660,696,720
Liguria Savona,189,1,10,18,18,41,19,16,20,19,20,15,19,25,35,38,42,52,62,87,96,96,100,126,131,162,173,175,185,204,210,209,223,219,239,249,249,22,5,251,245,264,261,734,695,509,654,656,686,771,797,797,697,717,749
Lombardia Bergamo,190,18,20,72,103,110,209,243,372,423,537,623,761,997,1245,1472,1815,2136,2368,2864,3416,3760,3993,4305,4645,5154,5869,6216,6471,6728,7072,7458,8060,8349,8527,8664,8803,7,6,9039,9171,9315,9588,9712,9815,9868,9931,10043,10151,10258,10309,10391,10426,10472,10518
Lombardia Brescia,191,0,2,10,13,14,49,60,86,127,155,182,413,501,739,790,1351,1598,1784,2122,2473,2918,3300,3784,4247,4648,5028,5317,5905,6298,6597,6931,7305,7678,8013,8213,8367,7,6,8598,8757,9014,9180,9340,9477,9594,9909,10122,10369,10599,10868,11058,11093,11187,11355
Lombardia Como,192,0,0,0,0,1,2,2,4,5,11,11,23,27,40,46,77,98,118,154,184,220,256,286,338,380,452,512,581,635,706,762,816,903,1014,1061,1101,49,3,1157,1205,1256,1319,1384,1473,1525,1542,1605,1686,1825,1924,2015,2106,2154,2233
Lombardia Cremona,193,53,57,91,123,136,214,223,287,333,406,452,562,665,916,957,1061,1302,1344,1565,1792,1881,2073,2167,2286,2392,2733,2895,2925,3061,3156,3370,3496,3605,3762,3788,3869,7,8,3941,3974,4097,4154,4233,4260,4323,4422,4489,4562,4658,4721,4945,5172,5202,5273
Lombardia Lecco,194,0,0,0,0,0,2,3,4,5,8,11,35,53,66,89,113,199,237,287,344,386,440,466,530,676,818,872,934,1015,1076,1159,1210,1316,1381,1437,1470,42,3,1516,1552,1594,1628,1678,1712,1731,1755,1805,1838,1860,1881,1911,1970,1982,1986
Lombardia Lodi,195,125,128,159,182,237,344,384,482,559,658,739,811,853,928,963,1035,1123,1133,1276,1320,1362,1418,1445,1528,1597,1693,1772,1817,1860,1884,1968,2006,2029,2057,2087,2116,7,8,2157,2189,2214,2238,2255,2278,2321,2347,2376,2419,2472,2543,2559,2569,2587,2626
Lombardia Mantova,196,0,0,0,0,1,4,5,15,22,26,32,46,56,102,119,137,169,187,261,339,382,465,514,636,723,842,905,985,1093,1176,1250,1398,1484,1550,1617,1688,35,2,1736,1782,1884,1981,2044,2084,2142,2216,2277,2355,2411,2486,2571,2631,2655,2691
Lombardia Milano,197,8,8,15,29,30,46,58,93,145,197,267,361,406,506,592,925,1146,1307,1551,1750,1983,2326,2644,3278,3804,4672,5096,5326,5701,6074,6922,7469,7783,8329,8676,8911,7,6,9522,10004,10391,10819,11230,11538,11787,12039,12479,12748,13268,13680,14161,14350,14675,14952
Lombardia Monza e della Brianza,198,3,4,5,6,6,6,8,9,11,19,20,61,59,64,65,85,130,143,224,327,346,376,401,495,816,1084,1108,1130,1454,1587,1750,1948,2086,2265,2362,2462,35,2,2543,2633,2774,2935,3046,3157,3206,3264,3355,3424,3575,3639,3720,3821,3878,3932
Lombardia Pavia,199,27,27,36,49,55,78,83,122,126,151,180,221,243,296,324,403,468,482,622,722,801,884,978,1011,1105,1194,1306,1444,1499,1578,1685,1712,1877,1974,2036,2133,7,2,2180,2285,2331,2499,2619,2700,2735,2823,2889,2963,3049,3133,3193,3246,3316,3390
Lombardia Sondrio,200,1,3,3,3,3,3,3,3,4,4,4,6,6,7,7,13,23,23,45,45,46,74,75,155,163,179,205,208,253,284,325,362,388,422,446,470,43,4,484,517,537,563,591,614,620,636,654,661,684,720,796,849,859,864
Lombardia Varese,201,0,0,0,3,4,4,4,7,11,17,23,27,32,44,50,75,98,125,158,184,202,234,265,310,338,359,386,421,450,468,502,711,768,812,866,893,48,1,937,1002,1085,1148,1191,1293,1326,1348,1491,1589,1633,1663,1711,1813,1884,1953
Marche Ancona,202,0,0,0,0,0,1,2,5,9,19,23,38,54,63,81,110,142,158,215,267,323,356,403,447,513,564,676,702,751,820,869,905,944,1019,1060,1116,49,3,1174,1211,1263,1290,1356,1401,1429,1455,1481,1501,1547,1590,1605,1629,1647,1664
Marche Ascoli Piceno,203,0,0,0,0,0,0,0,0,0,0,0,0,0,0,0,1,1,2,7,14,21,23,25,27,43,50,56,61,64,80,111,118,163,179,197,222,43,7,224,227,232,233,235,235,235,236,236,237,249,253,254,254,259,266
Marche Fermo,204,0,0,0,0,0,0,0,0,1,3,3,3,5,5,6,8,11,16,22,36,36,36,46,68,80,82,113,133,139,160,204,233,241,246,246,259,43,5,263,284,298,305,308,312,314,334,339,343,354,361,363,363,367,378
Marche Macerata,205,0,0,0,0,0,0,0,1,2,2,7,7,9,9,11,17,32,48,58,94,117,128,160,186,215,238,293,326,368,395,405,411,457,476,477,493,45,4,506,533,561,598,614,639,664,714,732,776,801,818,834,837,846,871
Marche Pesaro e Urbino,206,0,1,3,6,11,24,33,55,72,100,126,159,204,246,296,342,403,496,591,712,733,812,910,983,1099,1186,1249,1312,1371,1432,1474,1475,1507,1577,1639,1664,21,2,1722,1756,1786,1820,1853,1919,1956,2001,2044,2093,2121,2140,2181,2195,2230,2249
Molise Campobasso,207,0,0,0,0,0,0,0,3,3,7,12,14,14,14,15,16,16,17,17,17,21,25,24,33,39,49,53,54,60,60,85,91,97,108,114,124,43,7,139,142,149,154,166,166,166,166,176,185,187,191,191,191,197,197
Molise Isernia,208,0,0,0,0,0,0,0,0,0,0,0,0,0,0,0,0,0,0,0,0,0,0,1,4,4,4,4,4,4,4,9,9,13,9,9,9,43,7,10,11,15,40,44,44,43,43,43,43,43,50,50,50,50,50
Piemonte Alessandria,209,0,0,0,0,0,0,0,1,16,22,32,40,60,63,65,105,132,136,182,207,273,323,374,374,595,654,760,817,946,946,980,1106,1197,1255,1280,1317,42,3,1378,1428,1491,1591,1763,1904,1946,2016,2081,2119,2191,2248,2315,2367,2407,2580
Piemonte Asti,210,0,0,0,0,0,0,37,40,41,43,47,50,58,58,58,68,69,70,87,87,87,90,101,101,151,166,181,209,235,261,282,303,318,328,402,434,30,5,461,501,523,560,596,609,629,643,655,703,745,779,793,868,897,925
Piemonte Biella,211,0,0,0,0,0,0,0,0,0,2,3,6,19,18,20,36,39,48,48,50,67,96,109,109,175,182,243,253,280,327,336,367,399,439,471,490,44,4,503,523,542,559,571,583,591,600,621,628,653,662,679,702,717,719
Piemonte Cuneo,212,0,0,0,0,0,0,0,0,0,0,1,1,5,11,14,17,24,40,47,61,91,119,149,149,221,265,303,367,409,441,487,518,558,591,650,731,46,4,778,826,850,932,1071,1135,1187,1227,1301,1318,1350,1462,1607,1747,1791,1814
Piemonte Novara,213,0,0,0,0,0,0,3,3,3,3,4,5,13,14,22,27,32,48,48,71,109,150,190,190,293,330,398,420,471,517,577,609,657,694,733,797,47,1,854,902,930,967,986,1008,1073,1146,1218,1258,1540,1605,1612,1638,1708,1825
Piemonte Torino,214,3,3,2,11,11,49,6,7,11,19,34,55,89,87,111,159,187,305,305,359,542,749,1042,1042,1556,1680,1989,2198,2496,2813,3108,3361,3658,3933,4150,4455,21,8,4711,4991,5295,5772,5985,6180,6375,6595,6925,7226,7605,7939,8129,8339,8656,9116
Piemonte Verbano-Cusio-Ossola,215,0,0,0,0,0,0,4,4,5,5,9,10,13,11,11,13,18,29,36,50,58,76,89,89,142,149,159,190,229,247,255,288,308,346,376,393,43,5,410,444,505,535,556,619,630,719,774,790,859,865,876,893,904,910
Piemonte Vercelli,216,0,0,0,0,0,0,1,1,3,8,7,10,15,11,18,24,25,29,31,84,99,113,131,131,203,210,242,263,290,308,336,358,397,426,449,473,44,4,488,520,565,583,605,647,665,678,693,708,789,817,830,839,847,912
Puglia Bari,217,0,0,1,0,0,0,1,2,2,2,3,5,5,6,15,18,25,38,42,58,58,95,112,137,165,194,231,268,304,336,387,444,469,518,594,616,44,4,655,700,741,762,790,807,834,861,870,886,913,921,962,989,1013,1029
Puglia Barletta-Andria-Trani,218,0,0,0,0,0,0,0,0,1,1,1,2,3,3,3,4,6,10,17,22,22,23,23,26,30,32,49,59,62,65,85,92,96,98,103,111,43,7,116,126,129,129,138,177,177,212,212,243,260,296,301,306,315,330
Puglia Brindisi,219,0,0,0,0,0,0,0,0,0,0,0,3,3,5,5,15,16,20,23,40,40,52,65,75,84,94,100,102,103,116,122,125,148,152,164,164,43,7,191,208,218,234,246,257,262,284,299,316,334,358,379,403,417,428
Puglia Foggia,220,0,0,0,0,0,0,0,1,2,7,7,9,16,23,23,24,33,34,52,62,62,91,91,134,163,190,212,226,255,277,305,325,355,377,405,457,43,4,490,502,527,546,564,605,635,652,701,721,724,739,737,742,756,780
Puglia Lecce,221,0,0,0,0,0,0,0,0,1,1,3,4,10,10,10,12,18,19,24,38,38,62,65,71,88,103,120,149,161,164,177,215,239,239,293,303,43,5,321,353,359,362,368,378,384,389,395,403,418,418,424,425,426,427
Puglia Taranto,222,0,0,0,3,3,3,3,3,3,3,3,3,3,3,3,4,6,8,8,10,10,17,19,23,33,35,41,46,51,56,74,78,93,99,121,126,43,7,148,163,178,180,182,190,192,201,206,208,218,221,225,226,228,235
Sardegna Cagliari,223,0,0,0,0,0,0,0,1,2,2,3,3,9,14,15,15,11,15,16,18,24,27,32,41,43,45,52,61,64,74,83,83,97,102,103,111,43,7,116,126,134,144,146,146,148,151,161,179,185,191,197,201,207,208
Sardegna Nuoro,224,0,0,0,0,0,0,0,0,0,0,2,2,2,3,3,18,18,18,18,19,19,20,20,21,22,22,22,22,26,26,52,52,56,57,57,57,43,7,59,60,62,62,65,65,65,67,67,67,67,67,67,67,67,67
Sardegna Oristano,225,0,0,0,0,0,0,0,0,0,0,0,0,0,1,1,2,2,2,2,2,2,2,3,3,4,4,4,7,7,7,7,9,9,9,10,10,43,7,15,18,19,20,24,27,28,29,31,31,33,34,35,35,38,39
Sardegna Sassari,226,0,0,0,0,0,0,0,0,0,0,0,0,0,1,1,2,4,4,6,35,57,63,74,134,216,251,253,260,309,318,331,336,407,415,454,486,43,4,497,528,547,585,601,610,620,654,689,706,724,737,745,749,763,764
Sardegna Sud Sardegna,227,0,0,0,0,0,0,0,0,0,0,0,0,0,0,0,0,4,4,5,3,5,5,5,7,8,8,8,9,15,17,21,50,55,55,58,58,43,7,58,62,63,63,71,74,74,74,78,80,82,84,84,86,86,86
Sicilia Agrigento,228,0,0,0,0,0,0,0,0,0,0,0,1,1,1,11,16,17,17,17,20,22,22,24,27,31,36,41,45,47,50,55,58,58,78,89,94,43,7,96,98,100,102,107,109,110,113,115,119,123,126,128,130,131,132
Sicilia Caltanissetta,229,0,0,0,0,0,0,0,0,0,0,0,0,0,0,0,0,2,2,2,2,4,4,6,12,18,27,27,29,40,45,50,55,57,68,70,70,43,7,76,80,83,93,102,104,105,107,112,116,122,128,131,135,137,138
Sicilia Catania,230,0,0,1,1,1,1,1,1,1,1,15,23,23,23,35,41,49,49,49,91,96,108,131,151,162,189,234,274,286,308,346,365,387,407,448,498,45,4,510,544,559,569,594,614,630,646,662,672,678,689,704,715,725,735
Sicilia Enna,231,0,0,0,0,0,0,0,0,0,0,1,0,0,0,1,1,1,1,1,2,5,8,8,21,25,27,34,44,63,90,133,155,168,192,195,203,43,7,224,238,257,280,284,287,289,296,300,316,321,325,327,335,340,341
Sicilia Messina,232,0,0,0,0,0,0,0,0,0,0,0,2,2,2,2,4,9,9,9,10,11,16,16,16,39,70,112,120,139,174,221,227,279,289,305,311,43,5,319,323,337,344,353,362,370,376,399,412,422,429,436,439,449,456
Sicilia Palermo,233,3,3,3,3,3,3,3,3,3,3,5,6,6,6,10,15,26,26,26,33,37,40,47,52,59,63,92,109,170,193,205,218,232,236,253,262,43,5,276,282,290,296,299,301,317,329,346,351,363,376,385,391,393,399
Sicilia Ragusa,234,0,0,0,0,0,0,0,0,0,0,1,1,1,1,1,1,2,2,2,4,4,4,6,7,7,8,9,9,9,22,28,32,32,32,35,43,43,7,44,45,46,47,48,54,54,56,58,61,64,66,67,67,68,69
Sicilia Siracusa,235,0,0,0,0,0,0,0,0,0,0,2,2,2,2,2,3,5,5,5,15,21,21,28,33,40,43,49,49,49,64,77,79,84,87,89,93,43,7,98,101,106,107,109,111,113,122,124,135,146,148,149,156,158,174
Sicilia Trapani,236,0,0,0,0,0,0,0,0,0,0,0,0,0,0,0,2,4,4,4,11,13,14,16,21,27,27,32,42,43,48,49,61,62,71,71,73,43,7,75,80,81,94,98,104,109,114,116,120,125,129,131,133,134,135
Toscana Arezzo,237,0,0,0,0,0,0,1,2,2,5,7,8,9,12,13,14,14,16,27,41,43,71,142,113,124,136,154,201,211,229,249,249,272,284,310,332,43,5,343,357,358,370,378,387,396,398,399,403,417,429,453,487,522,530
Toscana Firenze,238,1,2,1,7,5,5,4,7,12,20,23,27,39,51,61,71,86,101,132,162,186,214,295,349,401,451,514,548,622,709,764,764,855,957,1022,1087,49,3,1158,1419,1543,1626,1715,1769,1805,1871,1961,2069,2154,2259,2269,2311,2372,2443
Toscana Grosseto,239,0,0,0,0,0,0,0,0,0,2,2,2,4,6,10,12,16,16,31,38,50,60,68,89,97,106,120,128,140,147,174,174,234,245,251,257,43,5,263,264,264,273,277,284,290,290,292,310,323,327,368,368,368,368
Toscana Livorno,240,0,0,0,0,0,0,0,0,3,3,5,6,10,10,14,16,16,27,40,50,53,59,62,62,117,120,130,140,162,179,204,204,220,236,271,280,43,5,295,301,307,316,322,323,336,349,353,358,379,398,404,410,415,465
Toscana Lucca,241,0,0,0,0,1,1,1,3,3,6,8,15,26,31,37,43,49,79,96,130,138,179,205,230,249,307,356,363,387,436,481,481,618,672,711,729,47,1,771,802,843,855,872,888,920,954,979,988,1006,1020,1060,1061,1073,1134
Toscana Massa Carrara,242,0,0,0,0,1,3,3,3,4,6,10,16,21,28,37,40,40,65,88,108,117,143,176,200,232,256,281,289,314,330,334,334,470,493,543,561,46,4,611,644,644,659,667,698,734,769,790,798,814,855,867,873,881,893
Toscana Pisa,243,0,0,0,0,0,0,0,0,2,5,8,11,17,20,31,34,34,51,62,71,78,101,124,146,180,211,234,266,285,317,350,350,398,432,446,471,44,4,491,515,519,527,544,560,584,592,606,613,636,677,694,727,733,750
Toscana Pistoia,244,1,0,1,1,1,1,1,1,1,1,1,6,13,16,21,32,43,48,63,79,90,100,122,145,171,181,215,229,243,254,264,264,298,309,324,332,43,5,333,346,361,374,394,400,404,450,457,468,490,506,509,513,516,536
Toscana Prato,245,0,0,0,0,0,0,0,0,1,1,1,3,3,5,7,21,25,26,33,42,45,53,59,70,94,111,129,137,159,178,189,189,217,221,248,258,43,5,290,291,323,332,338,342,344,345,355,357,370,393,394,404,411,440
Toscana Siena,246,0,0,0,0,3,3,3,3,10,12,14,19,24,29,33,37,41,41,58,60,66,73,77,78,128,133,144,160,176,193,216,216,235,273,286,301,43,5,312,334,337,339,340,350,360,361,360,363,369,371,372,373,375,384
P.A. Trento Trento,247,0,0,0,0,0,0,0,4,5,7,10,14,23,33,52,77,107,163,206,378,378,385,455,523,642,782,954,1023,1110,1222,1297,1391,1505,1594,1682,1746,42,2,1870,2003,2109,2220,2285,2348,2476,2602,2708,2816,2970,3053,3126,3141,3220,3294
Umbria Perugia,248,0,0,0,0,0,2,1,1,6,6,10,15,15,12,13,26,37,47,47,86,104,129,164,236,280,329,376,424,472,523,600,658,729,775,792,813,47,1,822,844,884,905,925,929,933,941,947,950,952,956,956,957,958,963
Umbria Terni,249,0,0,0,0,0,0,1,1,3,3,6,9,11,16,24,18,25,29,29,57,60,63,74,84,97,115,128,134,155,163,178,195,213,218,226,230,43,5,236,246,257,263,275,284,288,303,305,306,310,316,317,317,317,318
Valle d'Aosta Aosta,250,0,0,0,0,0,0,0,0,0,2,7,8,9,15,17,20,27,28,42,57,105,136,165,215,264,313,364,393,400,401,408,452,511,584,584,628,46,4,631,668,719,748,782,805,835,850,868,879,902,921,927,947,958,971
Veneto Belluno,251,0,0,0,0,0,0,3,5,7,7,7,11,23,29,29,30,48,59,78,82,101,109,140,150,195,212,226,254,273,298,313,329,367,396,423,430,45,4,460,487,499,522,538,558,577,602,620,649,653,664,686,698,723,755
Veneto Padova,252,30,40,59,68,81,105,135,144,162,175,198,216,255,273,296,373,439,523,611,658,715,781,882,924,1026,1155,1277,1371,1464,1636,1777,1891,2009,2124,2188,2264,7,2,2368,2489,2553,2632,2744,2863,2965,3056,3134,3206,3250,3310,3354,3407,3450,3537
Veneto Rovigo,253,0,0,0,0,0,0,0,1,4,5,5,5,5,7,10,14,13,16,27,27,27,28,33,52,67,68,76,80,82,87,110,122,122,125,131,136,43,7,140,152,180,184,186,203,218,232,249,271,274,280,280,287,291,297
Veneto Treviso,254,1,2,22,23,35,43,72,82,86,89,103,110,126,136,158,185,279,327,376,413,452,502,591,637,719,806,935,999,1091,1177,1254,1310,1359,1402,1449,1522,20,2,1554,1606,1657,1687,1712,1726,1738,1863,1906,1944,1973,1983,1983,2032,2033,2135
Veneto Venezia,255,7,8,14,15,19,24,48,48,59,73,85,100,126,130,152,179,205,248,282,328,356,378,426,475,574,666,732,799,837,874,920,955,1019,1067,1107,1170,27,3,1231,1293,1321,1362,1425,1487,1543,1630,1751,1780,1883,1957,1983,2008,2013,2036
Veneto Verona,256,0,0,0,0,0,2,8,17,21,25,42,52,63,73,96,110,150,210,275,335,425,481,626,686,784,954,1046,1099,1228,1304,1402,1645,1754,1876,1982,2112,35,2,2287,2405,2488,2547,2688,2755,2856,2920,3049,3257,3402,3495,3547,3572,3649,3730
Veneto Vicenza,257,0,0,3,3,3,3,3,5,10,19,24,37,50,53,73,92,122,141,164,235,287,325,393,424,518,572,631,691,744,824,899,966,1036,1104,1168,1242,49,3,1327,1434,1514,1608,1647,1704,1734,1782,1885,1953,2009,2055,2080,2089,2136,2170
